hgnc_symbol	chromosome_name	start_position	end_position
A1BG	19	58345178	58353492
A2M	12	9067664	9116229
AAMDC	11	77821100	77918432
AARSD1	17	42950431	42964498
ABHD14A	3	51971426	51981197
ABHD14B	3	51968510	51983409
ABL1	9	130713043	130887675
ABL2	1	179099330	179229684
ABO	HG2030_PATCH	76358	102118
ABO	9	133233278	133276024
ABRAXAS2	10	124801805	124836670
ACAA1	3	38103129	38137647
ACADSB	10	123008972	123058290
ACAN	15	88803436	88875353
ACAP2	3	195274738	195443091
ACE	17	63477058	63498380
ACE2	X	15494566	15607236
ACHE	7	100889994	100897022
ACLY	17	41866916	41930545
ACOT13	6	24666921	24705065
ACOX1	17	75941507	75979459
ACP1	2	264140	279100
ACP2	11	47238400	47249288
ACP5	19	11574653	11579993
ACP6	1	147629652	147670531
ACRBP	12	6638075	6647433
ACTN2	1	236664141	236764631
ACVR1B	12	51951679	51997082
ACVRL1	12	51906908	51923361
ACY1	3	51983047	51989205
ACY3	11	67642551	67650900
ACYP1	14	75053221	75069483
ACYP2	2	53970838	54305300
ADA	20	44584896	44652252
ADA2	22	17178790	17258235
ADAM11	17	44758988	44781846
ADAM12	10	126012381	126388477
ADAM15	1	155050566	155062780
ADAM22	7	87934136	88202889
ADAM23	2	206443498	206621301
ADAM8	10	133262416	133276909
ADAM9	HSCHR8_9_CTG1	7546	10827
ADAM9	8	38996754	39105445
ADAMTS13	HG2030_PATCH	240452	285496
ADAMTS13	9	133414358	133459402
ADAMTS15	11	130448645	130476645
ADAMTS16	5	5140329	5320304
ADAMTS4	1	161184302	161200509
ADAMTS5	21	26917922	26967088
ADAMTS8	11	130404923	130428609
ADAMTSL2	9	133532164	133575522
ADAMTSL4	1	150549369	150560937
ADAMTSL5	19	1505022	1513604
ADD1	4	2843576	2930082
ADGRB3	6	68635282	69390571
ADGRD1	12	130953055	131142466
ADGRE1	19	6887566	6940459
ADGRE2	19	14732392	14778560
ADGRE5	19	14380501	14408729
ADGRF5	6	46852310	46956392
ADGRG1	16	57610652	57665580
ADGRG2	X	18989307	19122956
ADGRV1	5	90529344	91164437
ADH1B	4	99304971	99321659
ADH4	4	99123657	99157792
ADIPOQ	3	186842704	186858463
ADM	11	10303392	10307397
ADRA2A	10	111077029	111080907
AFAP1	4	7758713	7939926
AFM	4	73481665	73504036
AFP	4	73431138	73456174
AGER	HSCHR6_MHC_APD_CTG1	3513570	3516926
AGER	HSCHR6_MHC_SSTO_CTG1	3497175	3500531
AGER	HSCHR6_MHC_COX_CTG1	3619320	3622676
AGER	HSCHR6_MHC_MANN_CTG1	3485949	3489305
AGER	HSCHR6_MHC_MCF_CTG1	3522987	3526343
AGER	HSCHR6_MHC_QBL_CTG1	3404169	3407525
AGER	6	32180963	32184344
AGGF1	5	77029251	77065234
AGR2	7	16791387	16833433
AGR3	7	16859412	16881987
AGRN	1	1020120	1056119
AGRP	16	67482571	67483548
AGT	1	230690776	230745576
AGXT	2	240868543	240881531
AHCY	20	34280268	34311802
AHNAK	11	62433542	62556235
AHNAK2	14	104937244	104978374
AHSA1	14	77457743	77469482
AHSG	3	186612776	186621318
AHSP	16	31527876	31528803
AIDA	1	222668013	222713210
AIF1	HSCHR6_MHC_SSTO_CTG1	2914470	2916307
AIF1	HSCHR6_MHC_DBB_CTG1	2862951	2864788
AIF1	HSCHR6_MHC_COX_CTG1	3092473	3094310
AIF1	HSCHR6_MHC_MCF_CTG1	2957070	2958907
AIF1	HSCHR6_MHC_QBL_CTG1	2871006	2872843
AIF1	6	31615217	31617021
AIF1L	9	131096476	131123152
AIFM1	X	130124666	130165879
AIMP1	4	106315544	106349456
AK2	1	33007986	33080996
AKAP12	6	151239936	151358563
AKR1A1	1	45550475	45570051
AKR1B1	7	134442349	134459284
AKR1C1	10	4963253	4983283
AKR7L	1	19265982	19274194
AKT1S1	19	49869033	49879470
AKT2	19	40230317	40285536
AKT3	HSCHR1_3_CTG32_1	500341	867542
AKT3	1	243488233	243851079
ALCAM	3	105366706	105576909
ALDH1A1	9	72900670	73080442
ALDH2	12	111766887	111817532
ALDH3A1	17	19737984	19748943
ALDH5A1	6	24494798	24537207
ALDOA	16	30064164	30070457
ALDOC	17	28573115	28576948
ALKAL2	2	278286	289623
ALPI	2	232456125	232460753
ALPP	2	232378724	232382889
AMBP	9	114060127	114080970
AMELX	X	11293413	11300761
AMIGO2	12	47075707	47080902
AMN	14	102922663	102933596
AMOTL2	3	134355347	134375479
AMPD3	11	10308162	10507877
AMY1A	1	103650592	103664629
AMY2A	1	103617427	103625780
AMY2B	1	103553815	103579534
ANAPC7	12	110372900	110403730
ANG	14	20682950	20698971
ANGPT1	8	107249482	107498055
ANGPT2	8	6499632	6563409
ANGPTL1	1	178849535	178872204
ANGPTL2	9	127087348	127122645
ANGPTL3	1	62597464	62607196
ANGPTL4	19	8363223	8374371
ANGPTL7	1	11189355	11195981
ANK2	4	112818032	113384231
ANKMY2	7	16599779	16645831
ANKRD46	8	100509752	100559784
ANPEP	15	89784875	89815401
ANXA1	9	73148874	73170629
ANXA10	4	168092537	168187736
ANXA11	10	80150889	80205583
ANXA2	15	60347134	60402883
ANXA3	4	78551621	78610493
ANXA4	2	69643808	69827121
AOC1	7	150824627	150861504
AOC3	17	42851184	42858130
AP1G2	14	23559557	23568070
AP2B1	17	35578046	35726417
AP3B1	5	77991640	78294762
AP3S2	15	89830599	89894638
APBB1IP	10	26438341	26568449
APBB2	4	40810027	41216714
APCS	1	159587826	159588865
APEX1	HG2526_HG2573_PATCH	657872	660453
APEX1	14	20454525	20457779
APLP1	19	35867899	35879803
APOA1	11	116835750	116838203
APOA2	1	161222290	161224305
APOA4	11	116820700	116823304
APOA5	11	116789014	116793026
APOB	HG2231_HG2496_PATCH	52097	94741
APOB	2	21001429	21044073
APOBEC3G	22	39077059	39087743
APOBR	16	28494639	28498964
APOC1	19	44913133	44920054
APOD	3	195568705	195584033
APOE	19	44903787	44909396
APOF	12	56360568	56362857
APOH	17	66211595	66256525
APOL1	22	36253071	36267530
APOM	6	31652416	31658210
APOM	HSCHR6_MHC_SSTO_CTG1	2951694	2957487
APOM	HSCHR6_MHC_COX_CTG1	3129706	3135499
APOM	HSCHR6_MHC_DBB_CTG1	2900187	2905981
APOM	HSCHR6_MHC_QBL_CTG1	2908235	2914028
APOM	HSCHR6_MHC_MCF_CTG1	2994288	3000082
APOM	HSCHR6_MHC_MANN_CTG1	2957462	2963256
APP	21	25880535	26171128
APPL2	12	105172485	105236221
APRT	16	88809339	88811963
ARAF	X	47561182	47571921
AREG	4	74444999	74455005
ARF6	14	49892608	49897054
ARFGAP2	11	47164299	47177474
ARFIP1	4	152779096	152918463
ARFIP2	11	6474683	6481479
ARG1	6	131470832	131584332
ARG2	14	67619920	67651708
ARHGAP1	11	46677075	46700977
ARHGAP25	2	68679601	68826833
ARHGAP30	1	161046946	161069970
ARHGAP45	19	1065923	1086642
ARHGDIA	17	81867719	81871378
ARHGDIB	12	14942015	14961985
ARHGEF1	19	41883079	41930150
ARHGEF10	HSCHR8_8_CTG1	7352	142017
ARHGEF10	8	1823332	1958642
ARHGEF12	11	120336238	120489937
ARHGEF25	12	57610180	57617245
ARHGEF5	HSCHR7_3_CTG4_4	404891	430104
ARHGEF5	7	144355288	144380632
ARL13B	3	93980139	94055678
ARL2BP	16	57245259	57253635
ARL3	10	102673731	102714437
ARNT	1	150808617	150876771
ARSA	22	50622754	50628177
ARSB	5	78777209	78986087
ART3	4	76011184	76114094
ART4	12	14825569	14843526
ASAH1	8	18055992	18084998
ASAH2	10	50182778	50279720
ASAP2	2	9206758	9405683
ASGR1	17	7172535	7179648
ASGR2	17	7100166	7116603
ASIP	20	34194569	34269346
ASL	7	66075800	66094697
ASPN	HG1012_PATCH	290934	317233
ASPN	9	92456205	92492208
ASPSCR1	17	81976807	82017406
ASRGL1	11	62337439	62393412
ASS1	9	130443282	130502361
ATF6	1	161766261	161977574
ATG16L1	HG2232_PATCH	155389	241012
ATG16L1	2	233210051	233295674
ATG4A	X	108091668	108154671
ATOX1	5	151738084	151772532
ATP1B1	1	169105697	169310992
ATP1B2	17	7646627	7657770
ATP2A3	17	3923866	3964491
ATP2B4	1	203626778	203744081
ATP5IF1	HSCHR1_8_CTG3	29753	40550
ATP5IF1	1	28236084	28246906
ATP6AP2	X	40579372	40606848
ATP6V1D	14	67294371	67360265
ATP6V1G1	9	114587706	114598915
ATP6V1G2	6	31544444	31548427
ATP6V1G2	HSCHR6_MHC_SSTO_CTG1	2843746	2846132
ATP6V1G2	HSCHR6_MHC_DBB_CTG1	2792232	2794614
ATP6V1G2	HSCHR6_MHC_COX_CTG1	3021792	3024174
ATP6V1G2	HSCHR6_MHC_MCF_CTG1	2886401	2888783
ATP6V1G2	HSCHR6_MHC_MANN_CTG1	2849515	2851897
ATP6V1G2	HSCHR6_MHC_QBL_CTG1	2800318	2802700
ATRAID	2	27212041	27217178
ATRN	20	3471018	3651118
ATXN10	22	45671798	45845307
ATXN2	12	111443485	111599676
ATXN2L	16	28822999	28837237
ATXN3	14	92044496	92106622
AXIN1	16	287440	352730
AXL	19	41219174	41261766
AZI2	3	28315003	28349050
AZU1	HSCHR19_5_CTG2	3940	10861
AZU1	19	825097	832018
B2M	HSCHR15_3_CTG8	34826	42225
B2M	15	44711253	44718851
B3GAT3	11	62615296	62622154
B3GNT2	2	62195485	62224731
B3GNT7	2	231395671	231408799
B3GNT8	19	41425359	41428730
B4GALT1	9	33100493	33167359
B4GAT1	11	66345374	66347638
BACC1	17	7014495	7017544
BACH1	21	29194071	29630751
BAG3	10	119650879	119677913
BAG4	8	38176533	38213301
BAG6	HSCHR6_MHC_COX_CTG1	3116310	3129995
BAG6	HSCHR6_MHC_DBB_CTG1	2886791	2900476
BAG6	HSCHR6_MHC_SSTO_CTG1	2938304	2951983
BAG6	HSCHR6_MHC_MANN_CTG1	2944068	2957751
BAG6	HSCHR6_MHC_MCF_CTG1	2980907	2994577
BAG6	HSCHR6_MHC_QBL_CTG1	2894841	2908524
BAG6	6	31638544	31652747
BAGE2	21	10454134	10516431
BAIAP2	17	81035122	81117434
BAMBI	10	28677510	28682932
BANK1	4	101411286	102074812
BAX	19	48954815	48961798
BCAM	19	44809070	44821421
BCAN	1	156641390	156659532
BCAR3	1	93561741	93847488
BCAT1	12	24810024	24949556
BCHE	3	165772904	165837462
BCL10	1	85265776	85276632
BCL2	18	63123346	63320128
BCL2L1	20	31664452	31723989
BCL2L11	2	111119378	111168444
BCL2L15	1	113876816	113887581
BCL7B	7	73536355	73557699
BCR	22	23179704	23318037
BDNF	11	27654893	27722058
BECN1	17	42809870	42833350
BGLAP	1	156242184	156243317
BGN	X	153488654	153510299
BID	22	17734138	17774770
BIN2	12	51281038	51324668
BIRC2	11	102347208	102378680
BLMH	17	30248200	30292152
BLNK	10	96189171	96272658
BLOC1S3	19	45178745	45216933
BLVRA	7	43758009	43808097
BLVRB	19	40447765	40465826
BMP10	2	68860909	68871397
BMP4	14	53949736	53958761
BMP6	6	7726049	7881728
BMPER	7	33904308	34156427
BNIP3L	8	26383037	26505636
BOC	3	113210846	113287463
BOLA1	1	149887890	149900798
BOLA2	16	29453588	29455012
BPI	20	38260141	38337505
BPIFA2	20	33161768	33181412
BPIFB1	20	33273480	33310380
BPIFB2	20	33007704	33023709
BRAP	12	111642146	111685991
BRD1	22	49773278	49827944
BRDT	1	91949343	92014426
BRICD5	16	2209253	2210905
BRK1	3	10115673	10127190
BRSK2	HG152_PATCH	124165	196955
BRSK2	11	1389899	1462689
BSG	19	571277	583498
BST1	4	15703000	15775614
BST2	19	17402933	17405665
BTC	4	74744759	74794717
BTD	3	15601341	15722311
BTN1A1	HSCHR6_1_CTG1	46483	56605
BTN1A1	6	26500303	26510425
BTN2A1	HSCHR6_1_CTG1	4084	22801
BTN2A1	6	26457904	26476621
BTN3A2	6	26365159	26382797
C11orf68	11	65916810	65919062
C19orf12	19	29698937	29716060
C1GALT1C1	HG439_PATCH	25742	30122
C1GALT1C1	X	120625674	120630054
C1orf56	1	151047751	151051986
C1QA	1	22635057	22639681
C1QL2	2	119156243	119158751
C1QTNF1	17	79022729	79049788
C1QTNF5	11	119338942	119340940
C1QTNF9	13	24307166	24322535
C1R	HG1398_PATCH	8669	20226
C1R	12	7080213	7092540
C1RL	HG1398_PATCH	17273	36924
C1RL	12	7089587	7109245
C1S	12	6988259	7071281
C2	HSCHR6_MHC_DBB_CTG1	3145559	3193454
C2	HSCHR6_MHC_SSTO_CTG1	3221179	3246863
C2	HSCHR6_MHC_COX_CTG1	3375210	3423101
C2	HSCHR6_MHC_MANN_CTG1	3225156	3250651
C2	HSCHR6_MHC_QBL_CTG1	3153757	3201649
C2	HSCHR6_MHC_MCF_CTG1	3239857	3287710
C2	6	31897785	31945674
C2CD2L	11	119102198	119118544
C2orf69	2	199911293	199955935
C3	19	6677704	6730562
C4A	HSCHR6_MHC_DBB_CTG1	3229797	3250455
C4A	HSCHR6_MHC_QBL_CTG1	3237995	3258653
C4A	HSCHR6_MHC_MCF_CTG1	3356831	3377455
C4A	6	31981991	32004877
C4B	HSCHR6_MHC_DBB_CTG1	3262537	3276826
C4B	HSCHR6_MHC_SSTO_CTG1	3315951	3336608
C4B	HSCHR6_MHC_COX_CTG1	3459451	3473740
C4B	HSCHR6_MHC_MCF_CTG1	3324061	3324087
C4B	6	32014730	32035973
C4BPB	1	207088802	207100001
C5	9	120932987	121075195
C7	5	40909419	41020216
C8A	1	56854768	56918223
C8B	1	56929099	56974383
C9	5	39283982	39371324
C9orf40	9	74946583	74952912
CA1	8	85327608	85379014
CA11	19	48637946	48646386
CA12	15	63321378	63382027
CA13	8	85220587	85284073
CA14	1	150257251	150265078
CA3	8	85373436	85449040
CA4	17	60147838	60170899
CA5A	16	87881546	87936580
CA6	1	8945867	8975092
CA8	8	60185412	60281573
CA9	9	35673928	35681159
CABP2	11	67518912	67524517
CACNB1	17	39173453	39197723
CACNB3	12	48813794	48828941
CACYBP	1	174999163	175012027
CADM1	11	115169218	115504957
CALB1	8	90058608	90095475
CALCA	11	14966622	14972354
CALCB	11	14904997	15082342
CALCOCO1	12	53708517	53727745
CALCOCO2	17	48830971	48868228
CAMK1	3	9757346	9770606
CAMK1D	10	12349547	12835545
CAMK2B	7	44209993	44334577
CAMKK1	17	3860315	3894891
CAMLG	5	134737608	134752705
CAMSAP1	9	135808487	135907546
CANT1	17	78991707	79009867
CANX	HG30_PATCH	444319	497221
CANX	5	179678628	179731641
CAPG	2	85393587	85422017
CAPS	19	5912339	5916211
CARD19	9	93096161	93113283
CARHSP1	16	8852942	8870941
CASC3	17	40140278	40177001
CASP1	11	105023581	105035250
CASP10	2	201182693	201229428
CASP2	7	143288215	143307696
CASP3	4	184627695	184650418
CASP7	10	113679162	113731290
CASP8	2	201233443	201361836
CASP9	1	15490832	15526534
CAST	5	95962001	96631085
CAT	11	34438906	34472061
CBFB	16	67028984	67101058
CBLIF	11	59829273	59845499
CBLN2	18	72534118	72638521
CBLN4	20	55997357	56005519
CBS	21	43050900	43076943
CBX7	22	39120167	39152719
CC2D1A	HG109_PATCH	118042	142720
CC2D1A	19	13906160	13930884
CCAR2	8	22604629	22620964
CCDC134	22	41800321	41832172
CCDC80	3	112596797	112649530
CCER2	HG26_PATCH	318652	321830
CCER2	19	38908980	38912186
CCL11	17	34285742	34288334
CCL13	17	34356480	34358610
CCL14	HSCHR17_7_CTG4	217855	221568
CCL14	17	35983288	35987033
CCL15	HSCHR17_7_CTG4	231004	236612
CCL15	17	35996440	36001553
CCL16	HSCHR17_7_CTG4	211057	216060
CCL16	17	35976194	35981537
CCL17	16	57404767	57416063
CCL18	HSCHR17_7_CTG4	299168	306920
CCL18	HSCHR17_10_CTG4	18377	26129
CCL18	17	36064272	36072032
CCL19	9	34689570	34691276
CCL2	17	34255274	34257208
CCL20	2	227805739	227817564
CCL21	9	34709005	34710167
CCL22	16	57357925	57366191
CCL23	HSCHR17_7_CTG4	247624	252533
CCL23	17	36013056	36017972
CCL24	7	75810825	75823943
CCL25	19	8052293	8062665
CCL26	7	75769533	75789896
CCL27	9	34661880	34664048
CCL28	5	43376645	43412391
CCL3	HSCHR17_7_CTG4	323130	325043
CCL3	HSCHR17_10_CTG4	42353	44266
CCL3	17	36088256	36090169
CCL4	HSCHR17_7_CTG4	338511	340542
CCL4	HSCHR17_10_CTG4	57924	59718
CCL4	17	36103827	36105621
CCL5	HSCHR17_7_CTG4	106023	115325
CCL5	17	35871491	35880793
CCL7	17	34270221	34272242
CCL8	17	34319435	34321402
CCN1	1	85580756	85584589
CCN2	6	131948176	131951456
CCN3	8	119416446	119424434
CCN4	8	133191039	133231690
CCN5	20	44714270	44728509
CCNE1	19	29811471	29824313
CCS	11	66593153	66606019
CCT5	5	10249929	10266389
CD101	1	117001721	117036552
CD109	6	73695785	73828316
CD14	5	140631728	140633700
CD160	1	145719443	145740760
CD163	12	7470811	7503910
CD164	6	109366514	109382469
CD164L2	1	27379176	27383333
CD177	19	43353686	43364395
CD1C	1	158289923	158294774
CD2	1	116754370	116769229
CD200	3	112332235	112363181
CD200R1	3	112921205	112975103
CD200R1L	3	112815709	112846864
CD207	2	70830211	70835816
CD209	19	7739993	7747564
CD22	19	35319261	35347361
CD226	18	69831158	69961803
CD244	1	160830160	160862904
CD248	11	66314494	66317044
CD27	12	6444941	6451718
CD274	9	5450503	5470566
CD276	15	73683966	73714518
CD28	2	203706517	203739756
CD2AP	6	47477752	47627263
CD300A	HG2580_PATCH	42847	61242
CD300A	17	74466399	74484798
CD300C	HG2580_PATCH	117521	122563
CD300C	17	74534362	74546133
CD300E	17	74609878	74623738
CD300LF	17	74694308	74712981
CD300LG	17	43847114	43863639
CD302	2	159768628	159798255
CD33	19	51217033	51243860
CD34	1	207880972	207911402
CD36	7	80369532	80679277
CD38	4	15778275	15853232
CD4	12	6786858	6820807
CD40	20	46118249	46129872
CD40LG	X	136648158	136660390
CD46	1	207752037	207795513
CD48	1	160678746	160711831
CD5	11	61102489	61127852
CD55	1	207321514	207386804
CD58	1	116514534	116571039
CD59	11	33703010	33736639
CD5L	1	157830911	157898256
CD6	11	60971675	61020377
CD63	12	55723511	55730023
CD69	12	9752486	9760901
CD7	17	82313564	82317608
CD70	19	6583183	6604103
CD72	9	35609982	35646810
CD74	5	150401637	150412969
CD79B	17	63928738	63932629
CD80	3	119523898	119569324
CD83	6	14117256	14140682
CD84	1	160541095	160579516
CD86	3	122055362	122121139
CD8A	2	86784610	86808396
CD93	20	23065139	23086324
CD96	3	111292719	111665996
CD99	Y	2690988	2741312
CD99	X	2690988	2741312
CD99L2	X	150766336	150898816
CDA	1	20588932	20618908
CDC26	9	113255835	113275602
CDC27	17	47117703	47189422
CDC37	19	10391090	10420185
CDC42BPB	14	102932380	103057549
CDCP1	3	45082277	45146453
CDH1	16	68737292	68835540
CDH12	5	21750673	22853344
CDH15	16	89171748	89195492
CDH17	8	94124381	94217303
CDH2	18	27932879	28177946
CDH23	10	71396920	71815947
CDH3	16	68636189	68727468
CDH5	16	66366636	66404784
CDH6	5	31193686	31329146
CDHR1	10	84194537	84219621
CDHR2	5	176542511	176596284
CDHR5	HSCHR11_1_CTG8	146464	155977
CDHR5	11	616405	626078
CDK2	12	55966781	55972789
CDK5RAP3	17	47967810	47981781
CDKN1A	6	36676441	36687397
CDKN2D	19	10566460	10569059
CDNF	10	14818270	14838575
CDON	11	125955796	126063335
CDSN	6	31115087	31120446
CDSN	HSCHR6_MHC_DBB_CTG1	2374454	2379793
CDSN	HSCHR6_MHC_COX_CTG1	2597465	2602822
CDSN	HSCHR6_MHC_MCF_CTG1	2459207	2464559
CDSN	HSCHR6_MHC_MANN_CTG1	2425650	2430956
CDSN	HSCHR6_MHC_QBL_CTG1	2373089	2378448
CDY1	Y	25622117	25624902
CEACAM1	19	42507304	42561234
CEACAM16	19	44699151	44710718
CEACAM19	19	44662278	44684360
CEACAM20	19	44501677	44529788
CEACAM21	HSCHR19_3_CTG3_1	95157	132483
CEACAM21	19	41549518	41586844
CEACAM3	19	41796587	41811554
CEACAM5	19	41708585	41730519
CEACAM6	19	41750977	41772211
CEACAM8	19	42580243	42595055
CEBPA	19	33299934	33302534
CEBPB	20	50190734	50192690
CEL	9	133061981	133071861
CELA2A	1	15456728	15472091
CELA3A	1	22001657	22012542
CELSR2	1	109249539	109275751
CEMIP2	9	71683364	71816690
CEND1	11	787115	790113
CENPW	6	126340115	126348875
CEP112	17	65635537	66192251
CEP170	HSCHR1_3_CTG32_1	136536	267429
CEP170	1	243124428	243255793
CEP20	HSCHR16_1_CTG1	1523719	1546626
CEP20	16	15865719	15888644
CEP43	6	166999174	167052718
CEP57	11	95789965	95832693
CEP85	1	26233669	26278814
CERT1	5	75356345	75512138
CES1	HSCHR16_1_CTG3_1	26724	57055
CES1	16	55802845	55833337
CES2	16	66934444	66945096
CES3	16	66961245	66975149
CETN2	HSCHRX_1_CTG14	442184	445947
CETN2	X	152826994	152830782
CETN3	5	90392257	90409786
CFB	HSCHR6_MHC_DBB_CTG1	3193430	3199864
CFB	HSCHR6_MHC_SSTO_CTG1	3246839	3253273
CFB	HSCHR6_MHC_COX_CTG1	3423077	3429511
CFB	HSCHR6_MHC_MANN_CTG1	3250627	3255741
CFB	HSCHR6_MHC_QBL_CTG1	3201625	3208059
CFB	HSCHR6_MHC_MCF_CTG1	3287686	3294120
CFB	6	31945650	31952086
CFC1	2	130592165	130599575
CFD	HSCHR19_5_CTG2	38523	42509
CFD	19	859453	869490
CFH	1	196651754	196752476
CFHR2	HSCHR1_5_CTG31	708861	724748
CFHR2	1	196943731	196964115
CFHR4	1	196888014	196920294
CFHR5	HSCHR1_5_CTG31	740137	774808
CFHR5	1	196975010	197009678
CFI	4	109731008	109802195
CFL1	11	65823022	65862026
CFP	X	47621537	47630305
CGA	6	87085498	87095106
CGREF1	2	27098889	27119128
CHAC2	2	53767804	53775196
CHAD	17	50464496	50468976
CHCHD10	22	23765834	23767982
CHCHD10	HSCHR22_1_CTG7	2196	4805
CHCHD6	3	126704214	126960420
CHGA	HSCHR14_7_CTG1	37642	49855
CHGA	14	92922630	92935293
CHGB	20	5911394	5925361
CHI3L1	1	203178931	203186796
CHIT1	1	203212827	203273641
CHKB	22	50578959	50601455
CHL1	3	196763	409417
CHLSN	7	996973	1138313
CHM	X	85861180	86047561
CHMP1A	16	89640816	89657738
CHMP6	17	80991598	81009517
CHRDL1	X	110673856	110796192
CHRDL2	11	74696429	74731426
CHST15	10	124007668	124093698
CHST3	10	71964395	72013558
CIAPIN1	16	57428177	57447420
CILP	15	65194760	65211478
CIRBP	19	1259384	1274880
CIT	12	119685791	119877332
CKAP2	13	52455429	52476630
CKAP4	12	106237880	106304279
CKB	14	103519660	103523167
CKM	19	45306411	45323372
CKMT1A	15	43692886	43702501
CLASP1	2	121337776	121649599
CLC	19	39731255	39738029
CLEC10A	17	7074537	7081166
CLEC11A	19	50723286	50725719
CLEC12A	12	9951316	9995694
CLEC14A	14	38254000	38256093
CLEC1A	12	10069554	10111627
CLEC1B	12	9985642	10013424
CLEC2D	12	9664969	9699553
CLEC2L	7	139523685	139544985
CLEC3B	3	45001548	45036071
CLEC4A	12	8123617	8138607
CLEC4C	12	7724646	7751620
CLEC4D	12	8509475	8522366
CLEC4G	19	7728957	7733906
CLEC4M	19	7763153	7769606
CLEC5A	7	141927357	141947007
CLEC6A	12	8455962	8478330
CLEC7A	12	10116777	10130258
CLGN	4	140387952	140427661
CLINT1	5	157785743	157859169
CLIP2	7	74289407	74405943
CLK2	HSCHR1_2_CTG31	67891	83514
CLK2	1	155262868	155278491
CLMP	11	123069853	123196697
CLNS1A	11	77514936	77637809
CLPP	19	6361427	6370242
CLPS	6	35794982	35798251
CLSPN	1	35720218	35770002
CLSTN1	1	9728926	9823993
CLSTN2	3	139935185	140577397
CLSTN3	HG1398_PATCH	57384	86631
CLSTN3	12	7128077	7158945
CLTA	9	36190856	36304781
CLU	8	27596917	27615056
CLUL1	18	596988	650334
CMC1	3	28241584	28325142
CMIP	16	81444808	81711762
CMPK1	1	47333790	47394866
CNDP1	18	74534400	74587212
CNP	17	41966763	41977740
CNPY2	12	56308024	56316346
CNPY4	7	100119634	100125508
CNST	1	246566338	246668595
CNTN1	12	40692431	41072415
CNTN2	1	205042937	205078289
CNTN3	3	74262568	74614698
CNTN4	3	2098813	3057963
CNTN5	11	99020949	100358885
CNTNAP2	HSCHR7_3_CTG6	2415	204593
CNTNAP2	7	146116002	148420998
CNTNAP4	16	76277278	76560757
COCH	14	30874438	30895065
COL11A2	HSCHR6_MHC_SSTO_CTG1	4611327	4638113
COL11A2	HSCHR6_MHC_DBB_CTG1	4406180	4435998
COL11A2	HSCHR6_MHC_COX_CTG1	4574189	4604006
COL11A2	HSCHR6_MHC_MANN_CTG1	4582154	4611971
COL11A2	HSCHR6_MHC_MCF_CTG1	4598639	4628455
COL11A2	HSCHR6_MHC_QBL_CTG1	4357085	4386902
COL11A2	6	33162681	33192766
COL15A1	9	98942680	99070797
COL18A1	21	45405123	45513721
COL1A1	17	50184101	50201634
COL24A1	1	85729233	86156943
COL28A1	7	7356203	7535873
COL2A1	12	47972967	48004689
COL3A1	HG2494_PATCH	79333	117706
COL3A1	2	188974371	189012746
COL4A1	13	110148963	110307202
COL5A1	9	134641803	134844843
COL6A3	2	237324003	237414405
COL9A1	6	70216040	70303084
COLEC10	8	118995452	119108455
COLEC11	2	3592791	3644649
COLEC12	18	316737	500722
COLGALT1	19	17555631	17583162
COMMD1	2	61888724	62147629
COMMD7	20	32702648	32743928
COMMD9	11	36269284	36289449
COMP	19	18782773	18791305
COMT	22	19941371	19969975
COPB2	3	139353942	139389736
COPS2	15	49106068	49155661
COQ7	16	19067614	19080095
CORO1A	16	30182817	30189085
COX5B	HG2275_PATCH	572093	574414
COX5B	2	97646062	97648383
COX6B1	19	35648230	35658795
COX6C	8	99873200	99893759
CPA1	7	130380339	130388114
CPA2	7	130266863	130289798
CPA4	7	130293134	130324180
CPB1	3	148791102	148860187
CPB2	13	46052958	46105073
CPE	4	165361194	165498547
CPM	12	68842197	68971570
CPNE1	20	35626031	35664956
CPOX	3	98579446	98593707
CPPED1	16	12659799	12803887
CPQ	8	96645240	97150160
CPVL	7	28994636	29195451
CPXM1	20	2794069	2800658
CPXM2	10	123706207	123940267
CPZ	4	8592660	8619761
CR1	1	207496147	207641776
CR2	1	207453024	207489895
CRACR2A	12	3606633	3764819
CRADD	12	93677375	93894840
CREB3L4	1	153963719	153974364
CREG1	1	167529117	167553822
CRELD1	3	9933793	9945413
CRELD2	22	49917989	49927544
CRH	8	66176376	66178464
CRHBP	5	76953044	76981158
CRIM1	HSCHR2_1_CTG5	6693	7390
CRIM1	2	36355731	36551135
CRIP2	14	105472962	105480162
CRISP2	6	49692358	49714703
CRISP3	6	49727376	49744437
CRKL	22	20917407	20953747
CRLF1	19	18572220	18607741
CRNN	1	152409243	152414263
CRP	1	159712289	159714589
CRTAC1	10	97865000	98030828
CRTAM	11	122829482	122872643
CRTAP	3	33113956	33147773
CRYBB1	22	26599277	26619630
CRYBB2	22	25212564	25231870
CRYGD	HSCHR2_8_CTG7_2	119901	122818
CRYGD	2	208121607	208124524
CRYM	16	21238874	21303083
CRYZL1	21	33589341	33643926
CSDE1	1	114716913	114758704
CSF1	1	109910242	109930993
CSF1R	5	150053291	150113372
CSF2	5	132073789	132076170
CSF2RA	Y	1268779	1325373
CSF2RA	X	1268779	1325373
CSF2RB	22	36913628	36940443
CSF3	17	40015361	40017816
CSF3R	1	36465669	36483322
CSMD2	1	33513998	34165842
CSNK1D	17	82239023	82273700
CSNK1G2	19	1941146	1981339
CSNK2A1	20	472498	543835
CSPG4	15	75674322	75712848
CSRP3	11	19176519	19210571
CST1	20	23747562	23751268
CST3	20	23626706	23638556
CST5	20	23875934	23880081
CST6	11	66012008	66013505
CST7	20	24949269	24959928
CSTB	21	43772511	43776579
CTBS	1	84549611	84574480
CTF1	16	30896614	30903547
CTHRC1	8	103371538	103382990
CTRB1	HSCHR16_5_CTG3_1	52018	55075
CTRB1	16	75218988	75226338
CTRC	1	15438442	15449242
CTRL	16	67927640	67932365
CTSA	20	45890144	45898949
CTSB	HG76_PATCH	1478526	1505569
CTSB	8	11842524	11869533
CTSC	11	88265069	88359684
CTSD	11	1752752	1764573
CTSE	1	206008535	206023909
CTSF	11	66563463	66568879
CTSH	15	78921058	78949574
CTSL	9	87724051	87731469
CTSO	HSCHR4_1_CTG12	88741	118534
CTSO	4	155921580	155953912
CTSS	1	150730079	150765957
CTSV	9	97025073	97156556
CTSZ	20	58985686	59008238
CUZD1	10	122832158	122846175
CWC15	11	94962620	94973611
CX3CL1	16	57372477	57385044
CXADR	21	17512971	17593579
CXCL1	4	73869392	73871308
CXCL10	4	76021118	76023497
CXCL11	4	76033682	76041415
CXCL12	10	44370165	44386493
CXCL13	4	77511753	77611834
CXCL16	17	4733533	4739934
CXCL17	19	42428278	42442996
CXCL3	4	74036589	74038807
CXCL5	4	73995642	73998677
CXCL6	4	73836640	73849064
CXCL8	4	73740519	73747379
CXCL9	4	76001275	76007509
CYB5R2	11	7665097	7677222
CYTH3	7	6161776	6272650
CYTL1	4	5014586	5019486
DAAM1	14	59188646	59371405
DAB2	5	39371675	39462300
DAG1	3	49468649	49535619
DAPK2	15	63907036	64072033
DAPP1	4	99816816	99870190
DARS1	2	135905881	135986100
DBH	9	133636314	133659329
DBI	2	119366917	119372551
DBN1	5	177456607	177474401
DBNL	7	44044628	44069456
DCBLD2	3	98795941	98901729
DCN	12	91140484	91183217
DCTD	4	182890060	182917936
DCTN1	2	74361154	74392087
DCTN2	12	57529633	57547242
DCTN6	8	30156319	30183639
DCTPP1	16	30423615	30430030
DCUN1D1	3	182938074	182985953
DCXR	17	82035136	82037776
DDAH1	1	85318481	85578363
DDC	7	50458436	50565468
DDHD2	8	38225218	38275558
DDI2	1	15617458	15669044
DDR1	HSCHR6_MHC_APD_CTG1	2214729	2218933
DDR1	HSCHR6_MHC_DBB_CTG1	2137270	2156466
DDR1	HSCHR6_MHC_COX_CTG1	2360744	2379927
DDR1	HSCHR6_MHC_MCF_CTG1	2225124	2236239
DDR1	HSCHR6_MHC_MANN_CTG1	2191217	2210394
DDR1	HSCHR6_MHC_QBL_CTG1	2136143	2155326
DDR1	6	30876421	30900978
DDT	HSCHR22_1_CTG7	207729	216835
DDT	22	23970542	23980525
DDX39B	HSCHR6_MHC_APD_CTG1	2862768	2871733
DDX39B	HSCHR6_MHC_SSTO_CTG1	2829503	2841732
DDX39B	HSCHR6_MHC_COX_CTG1	3007552	3023908
DDX39B	HSCHR6_MHC_DBB_CTG1	2777992	2794348
DDX39B	HSCHR6_MHC_MANN_CTG1	2835292	2851631
DDX39B	HSCHR6_MHC_MCF_CTG1	2872162	2888517
DDX39B	HSCHR6_MHC_QBL_CTG1	2786081	2802434
DDX39B	6	31530218	31542451
DEAF1	HSCHR11_1_CTG8	176113	206708
DEAF1	11	644224	707118
DECR1	8	90001330	90053633
DEFA1	HG76_PATCH	372762	375192
DEFA1	8	6977649	6980092
DEFB103A	HG76_PATCH	5478679	5479951
DEFB103A	8	7881392	7882663
DEFB104A	HG76_PATCH	5433729	5438536
DEFB104A	8	7836436	7841242
DEFB105A	HG76_PATCH	5418258	5421134
DEFB105A	8	7821004	7823880
DEFB119	20	31377164	31390590
DEFB128	20	187853	189711
DEFB4A	HG76_PATCH	5491964	5493999
DEFB4A	8	7894677	7896716
DENR	12	122752824	122771064
DFFA	1	10456522	10472549
DGCR6	22	18905677	18914281
DGKA	12	55927319	55954027
DHFR	5	80626226	80654983
DHRS4L2	14	23969874	24006408
DHX38	16	72093613	72112912
DHX58	17	42101404	42112733
DIABLO	12	122207394	122226062
DIPK2B	X	45148373	45200963
DKK1	10	52314281	52318042
DKK3	11	11956207	12009948
DKK4	8	42374063	42377229
DKKL1	19	49361783	49375116
DLD	7	107891162	107931730
DLG4	17	7187187	7219836
DLK1	14	100725705	100738224
DLL1	HSCHR6_1_CTG5	9444	33803
DLL1	6	170282202	170306565
DMP1	4	87650280	87664361
DMPK	19	45769709	45782552
DNAJA2	16	46955362	46973704
DNAJA4	15	78264086	78282196
DNAJB1	19	14513789	14560391
DNAJB11	3	186567403	186585800
DNAJB14	4	99896248	99946653
DNAJB2	2	219279342	219286898
DNAJB6	7	157335381	157417440
DNAJB8	3	128462437	128466968
DNAJB9	7	108569847	108574850
DNAJC17	15	40765161	40807498
DNAJC21	5	34929548	34958964
DNAJC6	1	65248219	65415871
DNAJC9	10	73183362	73247280
DNER	2	229357629	229714581
DNM1	9	128191655	128255248
DNM3	1	171817887	172418466
DNMBP	10	99875577	100009947
DNPH1	6	43225629	43229484
DOCK9	13	98793429	99086625
DOK1	2	74548875	74557554
DOK2	8	21908873	21913960
DPEP1	16	89613308	89638456
DPEP2	16	67987392	68000615
DPP4	2	161992244	162074394
DPP6	7	153748133	154894285
DPP7	9	137110540	137118309
DPT	1	168695457	168729206
DPY30	2	31867809	32039809
DRAXIN	1	11690958	11725857
DRG2	17	18087892	18107979
DRGX	10	49364065	49398484
DSC2	18	31058545	31102600
DSCAM	HG2265_PATCH	150307	986812
DSCAM	21	40010999	40847158
DSG2	18	31497624	31551351
DSG3	18	31447741	31478702
DSG4	18	31376777	31414912
DTD1	20	18587920	18766644
DTNB	2	25377028	25673717
DTX3	12	57604484	57609804
DTX3L	3	122564338	122575203
DTYMK	2	241675742	241686944
DUSP13B	10	75094432	75106499
DUSP13B	10	75094432	75109206
DUT	15	48331011	48343373
DXO	HSCHR6_MHC_COX_CTG1	3447237	3449719
DXO	HSCHR6_MHC_DBB_CTG1	3217585	3220067
DXO	HSCHR6_MHC_SSTO_CTG1	3270999	3273481
DXO	HSCHR6_MHC_QBL_CTG1	3225780	3228262
DXO	HSCHR6_MHC_MCF_CTG1	3311846	3314328
DXO	6	31969810	31972509
DYNC1H1	14	101964573	102056443
DYNLRB1	20	34516379	34540958
DYNLT1	6	158636474	158644755
DYNLT3	X	37836757	37847571
EBAG9	8	109539711	109570072
EBI3	19	4229314	4237528
ECE1	1	21217247	21345572
ECHDC3	10	11742366	11764139
ECHS1	10	133362472	133373714
ECI2	6	4115685	4135597
ECM1	1	150507989	150513789
EDA2R	X	66594384	66639298
EDAR	2	108894471	108989372
EDF1	9	136862115	136866312
EDIL3	5	83940554	84384885
EDN1	6	12287459	12297194
EEF1D	HSCHR8_3_CTG7	69737	87784
EEF1D	8	143579697	143599541
EFCAB14	1	46674659	46719146
EFEMP1	2	55865962	55924271
EFHD1	2	232606057	232682781
EFNA1	1	155127876	155134899
EFNA4	1	155063737	155069553
EFNB1	X	68828992	68842160
EFNB3	17	7705202	7711372
EGF	4	109912883	110013766
EGFL7	9	136658284	136672679
EGFLAM	5	38258409	38465480
EGFR	7	55018820	55211628
EGLN1	1	231363751	231422744
EHBP1	2	62673851	63046487
EHD3	2	31233961	31269451
EIF1AD	11	65996545	66002472
EIF1AX	X	20124525	20141982
EIF2AK2	2	37099210	37157688
EIF2AK3	2	88556741	88691518
EIF2S2	20	34088309	34112279
EIF3J	15	44537098	44563029
EIF4A3	HG2118_PATCH	159075	171857
EIF4A3	17	80134369	80147151
EIF4B	12	53006279	53042230
EIF4E	4	98878761	98929150
EIF4E2	2	232550659	232583644
EIF4EBP1	8	38030512	38060365
EIF4G1	3	184314490	184335358
EIF4G3	1	20806292	21177285
EIF5	14	103333544	103345025
ELAC1	18	50967989	50988991
ELK1	X	47631621	47650604
ELK3	12	96193978	96269835
ELN	7	74027789	74069909
ELOA	1	23743448	23762059
ELOB	16	2771414	2777290
EMC4	15	34225013	34230161
EMILIN3	20	41359962	41366818
ENAH	1	225486765	225653298
ENDOU	12	47709734	47725567
ENG	9	127811130	127855232
ENO1	1	8860977	8879289
ENO2	12	6913745	6923707
ENO3	17	4948046	4957132
ENPEP	4	110365733	110565285
ENPP2	8	119557085	119673453
ENPP5	6	46158482	46171113
ENPP6	4	184088706	184221230
ENPP7	17	79728809	79742930
ENSA	1	150600851	150629612
ENTPD2	9	137048107	137054061
ENTPD5	14	73958010	74019399
ENTPD6	20	25195693	25228075
ENTR1	9	136401922	136410614
EPCAM	2	47345158	47387601
EPHA1	HG708_PATCH	9653	28220
EPHA1	7	143390289	143408856
EPHA2	1	16124337	16156069
EPHA4	2	221418027	221574202
EPHA5	4	65319563	65670495
EPHB2	1	22710839	22921500
EPHB4	7	100802563	100827555
EPHB6	HSCHR7_2_CTG6	878117	894135
EPHB6	7	142854930	142871094
EPHX2	8	27490775	27548992
EPO	7	100720468	100723700
EPPK1	8	143857324	143878467
EPS8L2	11	694438	727729
EPYC	12	90963682	91005026
ERAP1	5	96760810	96808100
ERAP2	5	96875986	96919703
ERBB2	17	39687914	39730426
ERBB3	12	56076799	56103505
ERBB4	2	211375717	212538841
ERBIN	5	65883128	66082546
EREG	4	74365145	74388749
ERI1	HG76_PATCH	4234900	4349141
ERI1	8	9002147	9116746
ERLEC1	2	53787009	53833038
ERLIN1	10	100150094	100186033
ERMAP	1	42817078	42845907
ERN1	17	64039080	64130819
ERP29	12	112012815	112025268
ERVV-1	19	53013921	53016123
ESAM	11	124752583	124762315
ESM1	5	54977867	55022671
ESR1	6	151651284	152129619
ESYT2	7	158730995	158830253
EVI5	1	92508696	92792416
EVL	14	99971449	100144236
EXTL1	1	26019884	26036464
EXTL2	1	100872372	100896000
EZR	6	158765741	158819413
F10	13	113122788	113149531
F11	4	186260159	186291273
F11R	1	160995211	161023123
F12	5	177402133	177416583
F13A1	6	6144080	6321013
F13B	HSCHR1_5_CTG31	803872	832391
F13B	1	197038737	197067260
F2	11	46719166	46739822
F2R	5	76716126	76735770
F3	1	94529173	94541851
F7	13	113105762	113120685
F8	X	154835788	155026940
F9	X	139530739	139563459
FABP1	2	88122982	88128115
FABP2	4	119317250	119322138
FABP3	1	31364010	31376850
FABP4	8	81477651	81483239
FABP5	8	81280535	81284777
FABP6	5	160187363	160238735
FABP9	8	81458253	81461579
FADD	11	70203295	70207395
FAH	15	80152292	80186990
FAM107A	3	58564117	58627651
FAM13A	4	88725955	89111398
FAM162A	3	122384161	122412334
FAM171B	2	186694019	186765959
FAM20A	17	68535113	68601384
FAM20B	1	179025804	179076567
FAM3B	21	41304212	41357727
FAM3C	7	121347792	121398471
FAM3D	3	58633941	58666877
FAP	2	162170684	162245151
FARSA	19	12922276	12934037
FAS	10	88953813	89029605
FASLG	1	172659102	172666876
FBLN2	3	13549073	13638422
FBN2	5	128257909	128659185
FBP1	9	94603133	94640323
FCAMR	1	206957965	206970625
FCAR	HSCHR19KIR_ABC08_A1_HAP_CTG3_1	153195	169419
FCAR	HSCHR19KIR_FH05_A_HAP_CTG3_1	160268	176492
FCAR	HSCHR19KIR_FH08_A_HAP_CTG3_1	148466	165638
FCAR	HSCHR19KIR_FH06_BA1_HAP_CTG3_1	151615	167839
FCAR	HSCHR19KIR_CA01-TB01_CTG3_1	203308	220493
FCAR	HSCHR19KIR_FH06_A_HAP_CTG3_1	150198	166422
FCAR	HSCHR19KIR_HG2393_CTG3_1	20566	37751
FCAR	HSCHR19LRC_COX2_CTG3_1	519503	536649
FCAR	HSCHR19KIR_FH05_B_HAP_CTG3_1	244487	260711
FCAR	HSCHR19_4_CTG3_1	856818	873900
FCAR	HSCHR19LRC_PGF1_CTG3_1	778610	795778
FCAR	19	54874235	54891420
FCER1A	HG2577_PATCH	41540	60050
FCER1A	1	159289714	159308224
FCER2	19	7688758	7702146
FCGR2A	1	161505415	161524013
FCGR2B	1	161662803	161679490
FCGR3B	1	161623196	161631963
FCN1	9	134903232	134917954
FCN2	9	134880714	134890508
FCRL1	1	157792249	157820183
FCRL2	1	157745733	157777269
FCRL3	1	157674321	157700901
FCRL5	1	157513377	157552515
FCRL6	1	159800511	159816262
FCRLB	1	161721544	161728143
FEN1	11	61792725	61797238
FES	15	90883695	90896213
FETUB	3	186634558	186653778
FGA	4	154583126	154590745
FGB	4	154562971	154572807
FGD3	9	92947486	93036238
FGF16	X	77447389	77457278
FGF19	11	69698232	69704660
FGF2	4	122826682	122898236
FGF21	19	48755524	48758333
FGF23	12	4368227	4379712
FGF5	4	80266639	80336680
FGF7	15	49423170	49488775
FGFBP1	4	15934507	15939171
FGFBP2	4	15960245	15969309
FGFBP3	10	91906584	91909486
FGFR2	10	121478332	121598458
FGFR3	4	1793286	1808873
FGFR4	5	177086456	177098151
FGG	4	154604134	154612967
FGL1	8	17863528	17910378
FGR	1	27612064	27635565
FH	1	241497511	241519799
FHIT	3	59747277	61251459
FIS1	7	101239458	101252316
FJX1	11	35618460	35620865
FKBP14	7	30010587	30026702
FKBP1B	2	24049701	24063681
FKBP4	12	2794290	2805423
FKBP5	6	35572945	35728622
FKBP6	7	73328161	73358637
FKBP7	2	178463664	178478600
FKBPL	HSCHR6_MHC_DBB_CTG1	3370071	3371655
FKBPL	HSCHR6_MHC_COX_CTG1	3567038	3568622
FKBPL	HSCHR6_MHC_MCF_CTG1	3470727	3472311
FKBPL	6	32128697	32131070
FLI1	11	128686535	128813267
FLRT2	14	85530017	85654428
FLRT3	20	14322985	14337631
FLT1	13	28300346	28495145
FLT3	13	28003274	28100592
FLT3LG	19	49474150	49486233
FLT4	5	180601506	180649629
FMNL1	17	45220736	45247319
FN1	2	215360440	215436120
FNDC1	6	159169353	159272112
FNTA	8	43034194	43085788
FOLH1	11	49145092	49208640
FOLR1	11	72189558	72196323
FOLR2	11	72216601	72221950
FOLR3	11	72114869	72141085
FOXJ3	1	42176535	42335913
FOXO1	13	40555667	40667612
FOXO3	6	108559652	108684774
FRK	6	115931149	116061093
FRMD4B	3	69168782	69542583
FRZB	2	182833275	182866638
FSHB	11	30231014	30235261
FST	5	53480210	53487134
FSTL1	3	120392293	120451241
FSTL3	19	676392	683392
FTCD	21	46136083	46155581
FTCD	HSCHR21_5_CTG2	1168	14626
FTH1	11	61959718	61967634
FUCA1	1	23845077	23868356
FUOM	10	133353952	133358039
FURIN	15	90868588	90883564
FUS	16	31180134	31196963
FUT1	19	48748011	48755390
FUT3	HSCHR19_6_CTG2	16467	25055
FUT3	19	5842888	5851471
FUT8	14	65410592	65744125
FUT9	6	96015436	96215612
FXN	9	69035750	69079076
FXYD5	19	35154569	35171791
FYB1	5	39105252	39274528
FYN	6	111660332	111873475
GABARAP	17	7240008	7242449
GABARAPL1	12	10212458	10223128
GABARAPL2	16	75566375	75577881
GADD45GIP1	19	12953119	12957223
GAGE2A	X	49589496	49596827
GAL	11	68683020	68691205
GALNT1	18	35580892	35713370
GALNT10	5	154190514	154420984
GALNT2	1	230057990	230282128
GALNT3	2	165747588	165846201
GALNT5	2	157257578	157318491
GALNT7	4	173168811	173323967
GAPDH	12	6534012	6538930
GART	HSCHR21_4_CTG1_1	102653	115588
GART	21	33503371	33543524
GAS1	9	86944362	86947506
GAS6	13	113820468	113864123
GASK1A	3	42979087	43067898
GAST	17	41712331	41715969
GATD3	21	44133610	44210114
GBP1	1	89051505	89072769
GBP4	1	89181144	89198942
GC	4	71735436	71805527
GCC1	7	127580628	127593611
GCG	2	162142882	162152404
GCHFR	15	40764068	40767708
GCK	7	44143213	44198170
GCKR	2	27496532	27523688
GCLM	1	93885199	93909513
GCNT1	9	76419850	76651203
GDF15	19	18374731	18389176
GDF2	10	47322454	47327588
GDF5	20	35433347	35454746
GDNF	5	37812677	37840041
GEM	8	94249249	94262461
GET3	19	12737139	12748325
GFAP	17	44903159	44916937
GFER	HG401_PATCH	50341	53897
GFER	16	1984193	1987749
GFRA1	10	116056925	116276803
GFRA2	8	21690398	21812370
GFRA3	5	138252380	138274621
GFRAL	6	55327469	55402493
GGACT	13	100528034	100589528
GGCT	7	30496620	30504850
GGH	8	63014881	63039407
GGT1	22	24594684	24629011
GGT5	22	24218000	24245748
GH2	17	63880215	63881944
GHR	5	42423439	42721878
GHRL	3	10285666	10292959
GIGYF2	2	232697259	232860605
GIMAP7	7	150514872	150521073
GIMAP8	7	150450630	150479395
GIP	17	48958554	48968596
GIPC2	1	77979542	78138448
GIPC3	19	3585478	3593541
GIT1	17	29573475	29594054
GKN1	2	68974573	68980980
GLA	X	101393273	101408012
GLB1	3	32996609	33097202
GLCE	15	69160584	69272217
GLO1	6	38675925	38703145
GLOD4	17	757097	782341
GLRX	5	95751319	95822734
GLRX2	1	193090866	193106114
GLRX5	14	95533503	95544724
GLT8D1	3	52694153	52706368
GLT8D2	12	103988612	104064468
GLTPD2	17	4788964	4790589
GM2A	5	151212150	151270440
GMFG	HG2569_PATCH	108735	122754
GMFG	19	39328353	39342372
GMPR	6	16238555	16295923
GMPR2	HG1_PATCH	533400	540220
GMPR2	14	24232211	24239246
GNAI3	1	109548584	109600195
GNAS	20	58839718	58911192
GNE	9	36214441	36277042
GNLY	2	85685175	85698852
GNMT	6	42960690	42963883
GNPDA1	5	141991749	142013057
GNPDA2	4	44682200	44726588
GNPNAT1	14	52770976	52791668
GOLGA3	12	132768902	132829143
GOLM1	9	86026138	86100173
GOLM2	15	44288699	44415758
GOPC	6	117560269	117602542
GORASP2	2	170928464	170967135
GOSR1	17	30477362	30527592
GOT1	10	99396870	99430671
GP1BA	17	4932277	4935023
GP1BB	22	19723539	19724776
GP2	16	20309574	20328412
GP5	3	194394821	194399266
GP6	HSCHR19LRC_LRC_S_CTG3_1	995777	1020336
GP6	HSCHR19LRC_COX2_CTG3_1	658907	683466
GP6	HSCHR19LRC_LRC_I_CTG3_1	993691	1018250
GP6	HSCHR19LRC_LRC_T_CTG3_1	932070	956629
GP6	HSCHR19LRC_COX1_CTG3_1	917103	941662
GP6	HSCHR19LRC_LRC_J_CTG3_1	1021228	1045787
GP6	HSCHR19_4_CTG3_1	996187	1020746
GP6	HSCHR19LRC_PGF1_CTG3_1	916487	941046
GP6	HSCHR19LRC_PGF2_CTG3_1	725866	750425
GP6	19	55013705	55038264
GPA33	1	167048289	167166479
GPC1	2	240435636	240468076
GPC3	X	133535745	133987100
GPC5	13	91398621	92873682
GPC6	13	93226807	94408020
GPD1	12	50103982	50111316
GPHA2	11	64934471	64935893
GPI	HSCHR19_2_CTG3_1	8674	30733
GPI	19	34359480	34402413
GPIHBP1	8	143213019	143217172
GPKOW	HSCHRX_3_CTG3	272358	282686
GPKOW	X	49113396	49123746
GPNMB	7	23235967	23275108
GPR135	14	59429022	59465380
GPR37	7	124743885	124765792
GPRC5C	HG2580_PATCH	1299	28101
GPRC5C	17	74424851	74451653
GPX1	3	49357174	49358605
GRAP2	22	39901084	39973721
GRB14	2	164492417	164622472
GREM1	HSCHR15_4_CTG8	4932598	4949251
GREM1	HSCHR15_6_CTG8	2236418	2263520
GREM1	15	32716998	32745106
GRHPR	9	37422664	37437259
GRIA4	11	105609535	105982090
GRIK2	6	100962701	102081622
GRK2	11	67266391	67286557
GRK5	10	119207543	119459745
GRN	17	44345108	44353106
GRP	18	59220158	59230774
GRPEL1	4	7058643	7068145
GRSF1	4	70815783	70839903
GSN	9	121201324	121334721
GSR	8	30678064	30727975
GSTA1	6	52791371	52803881
GSTA3	6	52896639	52909701
GSTM1	1	109687340	109709039
GSTM4	1	109656099	109665496
GSTO1	10	104235356	104267461
GSTP1	11	67583658	67586659
GSTT2B	HSCHR22_1_CTG7	193780	197568
GSTT2B	22	23957414	23961197
GTF2I	7	74650231	74760706
GTPBP2	6	43605316	43629264
GUCA2A	1	42162690	42164745
GUSB	7	65960677	65982283
GYS1	19	48968125	48993337
GZMA	5	55102646	55110252
GZMB	14	24630954	24634267
GZMH	14	24606480	24609821
GZMM	19	544034	549924
H6PD	1	9234774	9271337
HADH	4	107989714	108035241
HAGH	16	1795620	1827157
HAO1	20	7882985	7940520
HARS1	5	140673035	140691537
HAVCR1	5	157025939	157069396
HAVCR2	5	157085422	157142869
HBB	11	5225464	5229395
HBEGF	5	140332843	140346614
HBQ1	16	180459	181179
HBZ	16	142728	154503
HCG22	HSCHR6_MHC_APD_CTG1	2386020	2392461
HCG22	HSCHR6_MHC_DBB_CTG1	2313701	2316162
HCG22	HSCHR6_MHC_COX_CTG1	2535827	2542268
HCG22	HSCHR6_MHC_MCF_CTG1	2397575	2404006
HCG22	6	31053311	31065229
HCG22	HSCHR6_MHC_MANN_CTG1	2363962	2370397
HCG22	HSCHR6_MHC_QBL_CTG1	2311782	2317853
HCLS1	3	121631399	121660927
HDAC8	X	72329516	72573101
HDDC2	6	125219962	125302128
HDGF	1	156742109	156766925
HDGFL2	19	4472244	4502220
HDHD2	18	47076104	47151106
HEBP1	12	12974867	13000275
HEG1	3	124965710	125055997
HEPACAM2	7	93188534	93226559
HEPH	X	66162483	66268910
HEXIM1	17	45148475	45152099
HGF	7	81699010	81770438
HGFAC	4	3441924	3449493
HGS	17	81683326	81703138
HHEX	10	92689903	92695647
HINT1	5	131155383	131224468
HIP1R	12	122834453	122862961
HJV	1	146017468	146036746
HLA-DQA2	6	32741391	32747198
HLA-DQA2	HSCHR6_MHC_APD_CTG1	4047520	4053351
HLA-DQA2	HSCHR6_MHC_SSTO_CTG1	4141489	4147359
HLA-DQA2	HSCHR6_MHC_COX_CTG1	4055484	4160989
HLA-DQA2	HSCHR6_MHC_DBB_CTG1	3986113	3991965
HLA-DQA2	HSCHR6_MHC_MANN_CTG1	4160657	4166218
HLA-DQA2	HSCHR6_MHC_MCF_CTG1	4040716	4046584
HLA-DQA2	HSCHR6_MHC_QBL_CTG1	3935606	3941465
HMBS	11	119084861	119093834
HMCN2	9	130265760	130434123
HMGB1	13	30456704	30618872
HMGB2	4	173331376	173334456
HMGB3	X	150980509	150990775
HMGCL	1	23801877	23838620
HMOX1	22	35380361	35394214
HMOX2	HSCHR16_3_CTG1	177013	212670
HMOX2	16	4474246	4510352
HNF4A	20	44355699	44432845
HNMT	2	137964020	138016364
HNRNPA2B1	7	26171151	26201529
HNRNPAB	5	178204479	178211183
HNRNPDL	4	82422565	82430471
HNRNPK	9	83966766	83981586
HNRNPUL1	19	41262496	41307787
HP	16	72054505	72061071
HPCAL1	2	10301356	10427835
HPGD	4	174490175	174523154
HPGDS	4	94298507	94342876
HPSE	4	83292461	83335153
HPX	11	6431006	6442617
HRC	19	49151194	49155432
HRG	3	186660216	186678452
HS1BP3	2	20560448	20651152
HS3ST3A1	17	13494032	13601929
HS3ST3B1	17	14301081	14349404
HS6ST1	2	128236716	128318868
HS6ST2	X	132626015	132961395
HSBP1	16	83719311	83819737
HSD11B1	1	209686178	209734949
HSD17B14	19	48813014	48837064
HSDL2	9	112380051	112472408
HSP90B1	12	103930107	103953931
HSPA1A	HSCHR6_MHC_APD_CTG1	3148086	3150568
HSPA1A	HSCHR6_MHC_DBB_CTG1	3063243	3065725
HSPA1A	HSCHR6_MHC_COX_CTG1	3292715	3295197
HSPA1A	6	31815543	31817994
HSPA1A	HSCHR6_MHC_QBL_CTG1	3071292	3073774
HSPA1L	HSCHR6_MHC_APD_CTG1	3142241	3147687
HSPA1L	HSCHR6_MHC_COX_CTG1	3286871	3292316
HSPA1L	HSCHR6_MHC_DBB_CTG1	3057398	3062844
HSPA1L	HSCHR6_MHC_QBL_CTG1	3065448	3070893
HSPA1L	6	31809619	31815788
HSPA2	14	64535905	64546173
HSPB1	7	76302673	76305813
HSPB6	19	35754566	35758079
HSPG2	1	21822244	21937310
HTATIP2	11	20355910	20383782
HTR1B	6	77460924	77463491
HTRA2	2	74529596	74533350
HYAL1	3	50299883	50312890
HYOU1	HG2217_PATCH	65787	78826
HYOU1	11	119044185	119057252
ICAM1	19	10271093	10286615
ICAM2	17	64002594	64020635
ICAM3	19	10333776	10339847
ICAM4	19	10286955	10288522
ICAM5	19	10289952	10296778
ICOSLG	21	44215382	44241446
IDI2	10	1018910	1025859
IDO1	8	39902275	39928790
IDS	X	149476988	149521096
IDUA	4	986997	1008344
IFI16	1	158999953	159055156
IFI30	19	18173162	18178121
IFIT3	10	89327307	89377473
IFNAR1	21	33324387	33359864
IFNG	12	68154768	68159740
IFNGR1	6	137197483	137219449
IFNGR2	HSCHR21_4_CTG1_1	5408	83477
IFNGR2	21	33403369	33479348
IFNL1	HG2569_PATCH	76789	79055
IFNL1	19	39296407	39298673
IFNLR1	1	24154168	24187959
IFT20	17	28328319	28335489
IGBP1	X	70133345	70166324
IGDCC3	15	65327127	65378078
IGDCC4	15	65381479	65423083
IGF1R	15	98648539	98964530
IGF2BP3	7	23310209	23470491
IGF2R	6	159969082	160113507
IGFBP1	7	45888360	45893660
IGFBP2	2	216632828	216664441
IGFBP3	7	45912245	45921874
IGFBP4	17	40443446	40457727
IGFBP6	12	53097436	53102345
IGFBP7	4	57030766	57110690
IGFBPL1	9	38406528	38424454
IGFLR1	19	35738798	35742455
IGHE	HSCHR14_3_CTG1	67715	69502
IGHE	14	105597691	105601728
IGHG1	HSCHR14_3_CTG1	204112	210840
IGHG1	14	105736343	105743071
IGHMBP2	11	68903863	68940602
IGLC2	22	22900976	22901437
IGLL1	22	23573125	23580302
IGSF21	1	18107710	18378483
IGSF3	1	116574399	116667820
IGSF8	1	160091340	160101109
IGSF9	1	159927039	159949468
IKBKG	X	154541179	154565047
IKZF2	2	212999691	213152427
IL10	1	206767602	206774541
IL10RB	21	33266363	33311420
IL11RA	9	34651582	34661902
IL12A	3	159988835	159996019
IL12B	5	159314780	159330863
IL12RB1	19	18058995	18098944
IL12RB2	1	67307364	67398724
IL13RA1	X	118727133	118794535
IL15	4	141636237	141735276
IL15RA	10	5943639	5978187
IL16	15	81159575	81314058
IL17C	16	88638572	88640468
IL17D	13	20702127	20723099
IL17F	6	52236681	52245689
IL17RA	22	17084934	17115693
IL17RB	3	53845783	53866045
IL18	11	112143251	112164106
IL18BP	11	71998613	72007315
IL18R1	2	102311529	102398777
IL18RAP	2	102418570	102452567
IL19	1	206770764	206842981
IL1A	2	112773925	112784493
IL1B	2	112829751	112836816
IL1R1	2	102063933	102179874
IL1R2	2	101991824	102029018
IL1RAP	3	190514051	190659750
IL1RL1	2	102311502	102352353
IL1RL2	2	102186980	102240002
IL1RN	2	113099315	113134016
IL20RB	3	136946230	137011085
IL21	4	122610108	122621066
IL22	12	68248242	68253604
IL22RA1	1	24119771	24143165
IL22RA2	6	137143820	137173648
IL23R	1	67138907	67259979
IL27	16	28499362	28512051
IL27RA	HG109_PATCH	243603	265059
IL27RA	19	14031644	14053223
IL2RA	10	6010689	6062370
IL2RB	22	37118666	37176676
IL2RG	X	71107404	71112108
IL31RA	5	55851357	55922854
IL32	16	3064301	3082192
IL34	16	70579878	70661556
IL36A	2	113005459	113008044
IL36G	2	112973203	112985658
IL3RA	Y	1335025	1382689
IL3RA	X	1335025	1382689
IL4R	16	27313462	27364811
IL5RA	3	3066324	3126613
IL6	7	22725884	22732002
IL6R	1	154405193	154469450
IL6ST	5	55935095	55995022
IL7	8	78675743	78805523
IL7R	5	35852695	35879603
ILKAP	2	238170400	238203756
IMMT	2	86142798	86195626
IMPA1	8	81656914	81686848
IMPACT	18	24426634	24453531
IMPDH1	7	128392277	128410009
IMPDH2	3	49024321	49029452
ING1	13	110712736	110723339
INHBB	2	120346136	120351803
INHBC	12	57434784	57452062
INPP1	2	190340590	190371665
INPP5D	HG2232_PATCH	5305	153241
INPP5D	2	233059967	233207903
INPP5E	9	136428618	136439882
INPP5J	22	31122731	31134697
INPPL1	11	72223524	72239184
INSL4	9	5231419	5235304
INSL5	1	66797740	66801276
INSR	19	7112255	7294414
IPCEF1	6	154154496	154356803
IQGAP2	5	76403285	76708132
IRAG2	12	25004342	25108489
IRAK1	X	154010504	154019927
IRAK4	12	43758944	43798307
IRF2	4	184385702	184474558
ISG15	1	1001138	1014540
ISLR2	15	74100311	74138540
ISM1	20	13221274	13300651
IST1	16	71845996	71931199
ITGA11	15	68296532	68432191
ITGA2	5	52989320	53094779
ITGA5	12	54395261	54419266
ITGA6	2	172234216	172506459
ITGAL	16	30472658	30523567
ITGAM	16	31259967	31332892
ITGAV	2	186590010	186680901
ITGB1	10	32887273	33005792
ITGB1BP2	X	71301747	71305371
ITGB2	21	44885948	44932079
ITGB5	3	124761948	124901418
ITGB6	2	160099664	160271888
ITGB7	12	53191318	53207282
ITGBL1	13	101452593	101720856
ITIH1	3	52777567	52792068
ITIH3	3	52794450	52809881
ITIH4	3	52812918	52831069
ITM2A	X	79360384	79367697
ITM2C	2	230864639	230879248
ITPA	20	3208868	3223870
ITPR1	3	4493345	4847506
ITPRIPL1	2	96324977	96330517
ITSN1	21	33642400	33899861
JAG1	20	10637684	10674396
JAK2	9	4984390	5129948
JAKMIP3	10	132036336	132184858
JAM2	21	25639258	25717562
JAM3	11	134068998	134152001
JAML	11	118193725	118226323
JCHAIN	4	70655541	70681817
JPT2	16	1678256	1702859
KAZALD1	10	101061171	101068179
KAZN	1	13892792	15118043
KCNAB2	1	5990927	6101193
KCNE2	21	34180729	34371381
KCNIP1	5	170353487	170736632
KCTD5	16	2682521	2709030
KDM3A	2	86440647	86492716
KDR	4	55078476	55125595
KEL	HSCHR7_2_CTG6	964181	985748
KEL	7	142941114	142962363
KHK	2	27086723	27100777
KIAA0040	1	175156986	175193265
KIAA0319	6	24544104	24646191
KIAA2013	1	11919591	11926428
KIF22	16	29790718	29805388
KIFBP	10	68988803	69043544
KIN	10	7750962	7787994
KIR2DL3	HSCHR19KIR_0010-5217-AB_CTG3_1	40100	54640
KIR2DL3	HSCHR19KIR_502960008-1_CTG3_1	40099	54619
KIR2DL3	HSCHR19KIR_7191059-1_CTG3_1	40135	54659
KIR2DL3	HSCHR19KIR_0019-4656-A_CTG3_1	40142	54670
KIR2DL3	HSCHR19KIR_CA01-TA01_2_CTG3_1	40107	54661
KIR2DL3	HSCHR19KIR_CA04_CTG3_1	40118	54642
KIR2DL3	HSCHR19KIR_ABC08_A1_HAP_CTG3_1	17437	31965
KIR2DL3	HSCHR19KIR_FH05_A_HAP_CTG3_1	25320	39891
KIR2DL3	HSCHR19KIR_CA01-TA01_1_CTG3_1	40134	54693
KIR2DL3	HSCHR19KIR_7191059-2_CTG3_1	40133	54681
KIR2DL3	HSCHR19KIR_FH08_A_HAP_CTG3_1	12714	27229
KIR2DL3	HSCHR19KIR_ABC08_AB_HAP_C_P_CTG3_1	40095	54629
KIR2DL3	HSCHR19KIR_CA01-TB04_CTG3_1	40101	54630
KIR2DL3	HSCHR19KIR_ABC08_AB_HAP_T_P_CTG3_1	116314	130572
KIR2DL3	HSCHR19KIR_G085_A_HAP_CTG3_1	115787	130311
KIR2DL3	HSCHR19KIR_CA01-TB01_CTG3_1	40134	54660
KIR2DL3	HSCHR19KIR_FH13_A_HAP_CTG3_1	115535	130041
KIR2DL3	HSCHR19KIR_GRC212_AB_HAP_CTG3_1	155373	169871
KIR2DL3	HSCHR19KIR_FH06_A_HAP_CTG3_1	14460	28965
KIR2DL3	HSCHR19KIR_LUCE_A_HAP_CTG3_1	116047	130563
KIR2DL3	HSCHR19KIR_RSH_A_HAP_CTG3_1	116064	130587
KIR2DL3	HSCHR19KIR_G248_A_HAP_CTG3_1	116660	130943
KIR2DL3	HSCHR19KIR_T7526_A_HAP_CTG3_1	116161	130546
KIR2DL3	HSCHR19KIR_HG2394_CTG3_1	40101	54648
KIR2DL3	HSCHR19KIR_FH08_BAX_HAP_CTG3_1	146080	160620
KIR2DL3	HSCHR19LRC_LRC_T_CTG3_1	721344	735888
KIR2DL3	HSCHR19KIR_FH15_A_HAP_CTG3_1	115849	130400
KIR2DL3	HSCHR19LRC_COX1_CTG3_1	644160	658712
KIR2DL3	HSCHR19_4_CTG3_1	721088	735618
KIR2DL3	HSCHR19LRC_PGF1_CTG3_1	642858	657386
KIR2DL3	19	54738513	54753061
KIR2DL5A	HSCHR19KIR_CA01-TB01_CTG3_1	134766	160497
KIR2DL5A	HSCHR19KIR_GRC212_AB_HAP_CTG3_1	65780	75331
KIR2DL5A	HSCHR19KIR_LUCE_BDEL_HAP_CTG3_1	53906	63370
KIR2DL5A	HSCHR19LRC_COX2_CTG3_1	450950	460291
KIR2DL5A	HSCHR19KIR_FH05_B_HAP_CTG3_1	176150	185646
KIR2DL5A	HSCHR19KIR_FH15_B_HAP_CTG3_1	60105	69601
KIR2DL5A	HSCHR19KIR_RP5_B_HAP_CTG3_1	46835	56299
KIR2DL5A	HSCHR19KIR_T7526_BDEL_HAP_CTG3_1	53892	63388
KIR2DS2	HSCHR19KIR_FH13_BA2_HAP_CTG3_1	161634	175541
KIR2DS2	HSCHR19KIR_FH06_BA1_HAP_CTG3_1	29490	60215
KIR2DS2	HSCHR19KIR_G248_BA2_HAP_CTG3_1	149814	164109
KIR2DS2	HSCHR19KIR_LUCE_BDEL_HAP_CTG3_1	130021	144329
KIR2DS2	HSCHR19KIR_HG2393_CTG3_1	125192	153039
KIR2DS2	HSCHR19KIR_RSH_BA2_HAP_CTG3_1	150933	165052
KIR2DS2	HSCHR19KIR_FH05_B_HAP_CTG3_1	37082	50989
KIR2DS2	HSCHR19KIR_FH15_B_HAP_CTG3_1	194387	208682
KIR2DS2	HSCHR19KIR_G085_BA1_HAP_CTG3_1	102709	116870
KIR2DS2	HSCHR19KIR_GRC212_BA1_HAP_CTG3_1	101207	115411
KIR2DS2	HSCHR19KIR_RP5_B_HAP_CTG3_1	106543	137288
KIR2DS2	HSCHR19KIR_T7526_BDEL_HAP_CTG3_1	130392	144417
KIR2DS2	HSCHR19LRC_PGF2_CTG3_1	464498	478867
KIR2DS4	HSCHR19KIR_502960008-1_CTG3_1	134276	150168
KIR2DS4	HSCHR19KIR_7191059-1_CTG3_1	134314	150206
KIR2DS4	HSCHR19KIR_0019-4656-A_CTG3_1	134332	150012
KIR2DS4	HSCHR19KIR_CA01-TA01_2_CTG3_1	134314	150206
KIR2DS4	HSCHR19KIR_ABC08_A1_HAP_CTG3_1	111622	127537
KIR2DS4	HSCHR19KIR_FH05_A_HAP_CTG3_1	119551	134587
KIR2DS4	HSCHR19KIR_502960008-2_CTG3_1	134160	149171
KIR2DS4	HSCHR19KIR_CA01-TA01_1_CTG3_1	134319	150212
KIR2DS4	HSCHR19KIR_7191059-2_CTG3_1	134312	150202
KIR2DS4	HSCHR19KIR_FH08_A_HAP_CTG3_1	106947	122800
KIR2DS4	HSCHR19KIR_FH13_BA2_HAP_CTG3_1	21127	36733
KIR2DS4	HSCHR19KIR_ABC08_AB_HAP_T_P_CTG3_1	21000	36313
KIR2DS4	HSCHR19KIR_FH06_BA1_HAP_CTG3_1	110120	125517
KIR2DS4	HSCHR19KIR_G085_A_HAP_CTG3_1	20526	36050
KIR2DS4	HSCHR19KIR_FH13_A_HAP_CTG3_1	21015	35831
KIR2DS4	HSCHR19KIR_G248_A_HAP_CTG3_1	20782	36697
KIR2DS4	HSCHR19KIR_FH06_A_HAP_CTG3_1	108665	124242
KIR2DS4	HSCHR19KIR_LUCE_A_HAP_CTG3_1	20473	36388
KIR2DS4	HSCHR19KIR_RSH_A_HAP_CTG3_1	20773	36403
KIR2DS4	HSCHR19KIR_G248_BA2_HAP_CTG3_1	11028	25442
KIR2DS4	HSCHR19KIR_T7526_A_HAP_CTG3_1	20467	36357
KIR2DS4	HSCHR19KIR_RSH_BA2_HAP_CTG3_1	10672	26251
KIR2DS4	HSCHR19KIR_HG2394_CTG3_1	134336	150226
KIR2DS4	HSCHR19LRC_LRC_S_CTG3_1	819633	830491
KIR2DS4	HSCHR19KIR_HG2396_CTG3_1	120666	136559
KIR2DS4	HSCHR19LRC_LRC_I_CTG3_1	737442	828448
KIR2DS4	HSCHR19KIR_FH08_BAX_HAP_CTG3_1	20493	36147
KIR2DS4	HSCHR19KIR_FH15_A_HAP_CTG3_1	20758	36126
KIR2DS4	HSCHR19KIR_G085_BA1_HAP_CTG3_1	21262	36251
KIR2DS4	HSCHR19KIR_GRC212_BA1_HAP_CTG3_1	20344	34826
KIR2DS4	HSCHR19_4_CTG3_1	815245	830852
KIR2DS4	HSCHR19LRC_PGF1_CTG3_1	737079	752960
KIR2DS4	19	54832676	54848569
KIR3DL1	HSCHR19KIR_502960008-1_CTG3_1	118067	132378
KIR3DL1	HSCHR19KIR_7191059-1_CTG3_1	118105	132416
KIR3DL1	HSCHR19KIR_0019-4656-A_CTG3_1	118103	132434
KIR3DL1	HSCHR19KIR_CA01-TA01_2_CTG3_1	118105	132416
KIR3DL1	HSCHR19KIR_ABC08_A1_HAP_CTG3_1	95411	109723
KIR3DL1	HSCHR19KIR_FH05_A_HAP_CTG3_1	103340	117653
KIR3DL1	HSCHR19KIR_502960008-2_CTG3_1	117918	132231
KIR3DL1	HSCHR19KIR_CA01-TA01_1_CTG3_1	118111	132421
KIR3DL1	HSCHR19KIR_7191059-2_CTG3_1	118070	132383
KIR3DL1	HSCHR19KIR_FH08_A_HAP_CTG3_1	90646	104989
KIR3DL1	HSCHR19KIR_ABC08_AB_HAP_C_P_CTG3_1	118120	122021
KIR3DL1	HSCHR19KIR_FH13_BA2_HAP_CTG3_1	38631	52936
KIR3DL1	HSCHR19KIR_ABC08_AB_HAP_T_P_CTG3_1	38341	52640
KIR3DL1	HSCHR19KIR_FH06_BA1_HAP_CTG3_1	93848	108144
KIR3DL1	HSCHR19KIR_G085_A_HAP_CTG3_1	38030	52335
KIR3DL1	HSCHR19KIR_FH13_A_HAP_CTG3_1	37780	52083
KIR3DL1	HSCHR19KIR_FH06_A_HAP_CTG3_1	92411	106723
KIR3DL1	HSCHR19KIR_LUCE_A_HAP_CTG3_1	38286	52593
KIR3DL1	HSCHR19KIR_G248_A_HAP_CTG3_1	38596	52938
KIR3DL1	HSCHR19KIR_G248_BA2_HAP_CTG3_1	27422	41730
KIR3DL1	HSCHR19KIR_RSH_A_HAP_CTG3_1	38301	52606
KIR3DL1	HSCHR19KIR_T7526_A_HAP_CTG3_1	38286	52591
KIR3DL1	HSCHR19KIR_RSH_BA2_HAP_CTG3_1	28192	42497
KIR3DL1	HSCHR19KIR_HG2394_CTG3_1	118094	132407
KIR3DL1	HSCHR19KIR_HG2396_CTG3_1	104458	118768
KIR3DL1	HSCHR19KIR_FH08_BAX_HAP_CTG3_1	20590	84249
KIR3DL1	HSCHR19KIR_FH15_A_HAP_CTG3_1	38147	52466
KIR3DL1	HSCHR19KIR_G085_BA1_HAP_CTG3_1	38231	52539
KIR3DL1	HSCHR19KIR_GRC212_BA1_HAP_CTG3_1	36725	51067
KIR3DL1	HSCHR19_4_CTG3_1	799043	813347
KIR3DL1	HSCHR19LRC_PGF1_CTG3_1	720829	735146
KIR3DL1	19	54816468	54830778
KIR3DL2	HSCHR19KIR_0010-5217-AB_CTG3_1	87796	89620
KIR3DL2	HSCHR19KIR_ABC08_A1_HAP_CTG3_1	129423	146154
KIR3DL2	HSCHR19KIR_FH05_A_HAP_CTG3_1	136461	153231
KIR3DL2	HSCHR19KIR_502960008-2_CTG3_1	151039	167809
KIR3DL2	HSCHR19KIR_CA01-TA01_1_CTG3_1	152086	168847
KIR3DL2	HSCHR19KIR_7191059-2_CTG3_1	152069	168819
KIR3DL2	HSCHR19KIR_FH08_A_HAP_CTG3_1	124676	141434
KIR3DL2	HSCHR19KIR_FH13_BA2_HAP_CTG3_1	2177	18971
KIR3DL2	HSCHR19KIR_ABC08_AB_HAP_T_P_CTG3_1	1843	18639
KIR3DL2	HSCHR19KIR_FH06_BA1_HAP_CTG3_1	127809	144581
KIR3DL2	HSCHR19KIR_G085_A_HAP_CTG3_1	1576	18370
KIR3DL2	HSCHR19KIR_CA01-TB01_CTG3_1	179497	196283
KIR3DL2	HSCHR19KIR_FH13_A_HAP_CTG3_1	2199	18974
KIR3DL2	HSCHR19KIR_GRC212_AB_HAP_CTG3_1	13972	30766
KIR3DL2	HSCHR19KIR_FH06_A_HAP_CTG3_1	126387	143165
KIR3DL2	HSCHR19KIR_LUCE_A_HAP_CTG3_1	1842	18600
KIR3DL2	HSCHR19KIR_G248_A_HAP_CTG3_1	2151	18909
KIR3DL2	HSCHR19KIR_RSH_A_HAP_CTG3_1	1842	18614
KIR3DL2	HSCHR19KIR_LUCE_BDEL_HAP_CTG3_1	1831	18625
KIR3DL2	HSCHR19KIR_HG2393_CTG3_1	44779	61569
KIR3DL2	HSCHR19KIR_T7526_A_HAP_CTG3_1	1842	18600
KIR3DL2	HSCHR19LRC_LRC_S_CTG3_1	832361	849155
KIR3DL2	HSCHR19LRC_COX2_CTG3_1	495695	512489
KIR3DL2	HSCHR19KIR_FH05_B_HAP_CTG3_1	220660	237454
KIR3DL2	HSCHR19LRC_LRC_I_CTG3_1	830291	839007
KIR3DL2	HSCHR19KIR_FH08_BAX_HAP_CTG3_1	1842	18618
KIR3DL2	HSCHR19LRC_LRC_T_CTG3_1	768981	785805
KIR3DL2	HSCHR19KIR_FH15_A_HAP_CTG3_1	1850	18614
KIR3DL2	HSCHR19KIR_FH15_B_HAP_CTG3_1	8297	25091
KIR3DL2	HSCHR19KIR_G085_BA1_HAP_CTG3_1	2033	18762
KIR3DL2	HSCHR19KIR_GRC212_BA1_HAP_CTG3_1	1715	18474
KIR3DL2	HSCHR19KIR_RP5_B_HAP_CTG3_1	2844	11554
KIR3DL2	HSCHR19_4_CTG3_1	833012	849784
KIR3DL2	HSCHR19KIR_T7526_BDEL_HAP_CTG3_1	2084	18878
KIR3DL2	HSCHR19LRC_LRC_J_CTG3_1	858278	860146
KIR3DL2	HSCHR19LRC_PGF1_CTG3_1	754833	771590
KIR3DL2	19	54850433	54867209
KIRREL2	19	35851369	35867145
KIT	4	54657267	54740783
KITLG	12	88492789	88580851
KLB	4	39406930	39451533
KLF4	9	107484852	107490482
KLHL13	X	117897794	118117340
KLHL41	2	169509687	169526262
KLK1	19	50819146	50823787
KLK10	19	51012739	51021048
KLK11	19	51022216	51028039
KLK12	19	51029092	51035230
KLK13	19	51055626	51065114
KLK15	19	50825289	50837213
KLK3	19	50854915	50860764
KLK4	19	50906351	50911395
KLK6	19	50958631	50969673
KLK7	19	50976468	50984099
KLK8	19	50996007	51002711
KLKB1	4	186225424	186258476
KLRB1	12	9594551	9607916
KLRD1	12	10226058	10329608
KLRF1	12	9827481	9845007
KLRK1	12	10372353	10391874
KMT2C	7	152134922	152436644
KMT2D	12	49018975	49060794
KNG1	3	186717329	186744410
KPNA2	17	68035636	68047364
KRT18	12	52945688	52952911
KRT19	17	41523613	41528308
KYAT1	9	128832937	128882556
KYAT3	1	88935773	88992953
KYNU	2	142877613	143055833
L1CAM	X	153861511	153886204
L3HYPDH	14	59460363	59484408
LACRT	12	54630811	54634895
LACTB2	8	70631109	70669185
LAG3	12	6772360	6778455
LAIR1	HSCHR19LRC_COX2_CTG3_1	335059	352046
LAIR1	HSCHR19_4_CTG3_1	334105	353279
LAIR1	HSCHR19LRC_PGF1_CTG3_1	258363	275291
LAIR1	HSCHR19LRC_PGF2_CTG3_1	335587	352601
LAIR1	19	54351384	54370558
LAIR2	HSCHR19LRC_COX1_CTG3_1	404073	417309
LAIR2	HSCHR19_4_CTG3_1	480214	493011
LAIR2	HSCHR19LRC_PGF1_CTG3_1	402599	415826
LAIR2	19	54497879	54510687
LAMA4	6	112106077	112254939
LAMB1	7	107923715	108004434
LAMP1	13	113297088	113323674
LAMP2	X	120426148	120469365
LAMP3	3	183122200	183163839
LARP1	5	154682986	154817605
LAT	16	28984808	28990784
LAT2	7	74199652	74234454
LATS1	6	149658153	149718105
LAYN	11	111540280	111561745
LBP	20	38346482	38377511
LBR	1	225400900	225428925
LCAT	16	67939750	67944131
LCK	1	32251244	32286170
LCN10	9	136738167	136743356
LCN15	9	136759634	136766255
LCN2	9	128149071	128153453
LCP1	13	46125920	46211871
LCT	2	135787850	135837184
LDLR	19	11089418	11133830
LDLRAP1	1	25543573	25591200
LECT2	5	135922279	135954983
LEFTY2	1	225936598	225941383
LEP	7	128241278	128257629
LEPR	1	65420652	65641559
LETM1	4	1811479	1856232
LGALS1	22	37675636	37679805
LGALS3	14	55121352	55148022
LGALS3BP	17	78971238	78979962
LGALS4	HG26_PATCH	211354	222617
LGALS4	19	38801671	38813070
LGALS7	HG26_PATCH	198916	201430
LGALS7	19	38770968	38773517
LGALS8	1	236518000	236552981
LGALS9	17	27629798	27649561
LGMN	14	92703798	92751131
LHB	19	49015980	49017091
LHPP	10	124461792	124617888
LIF	22	30240453	30246759
LIFR	5	38474668	38608354
LILRA2	HSCHR19LRC_COX1_CTG3_1	479310	493950
LILRA2	HSCHR19_4_CTG3_1	555501	570141
LILRA2	HSCHR19LRC_PGF1_CTG3_1	477804	492444
LILRA2	19	54572920	54590287
LILRA3	HSCHR19LRC_COX2_CTG3_1	268410	280719
LILRA3	HSCHR19LRC_COX1_CTG3_1	268530	280828
LILRA3	HSCHR19_4_CTG3_1	270964	275840
LILRA3	HSCHR19LRC_PGF2_CTG3_1	268785	281093
LILRA4	HSCHR19LRC_COX2_CTG3_1	290261	320516
LILRA4	HSCHR19_4_CTG3_1	315570	321535
LILRA4	19	54333185	54339162
LILRA4	HSCHR19LRC_PGF2_CTG3_1	290416	320659
LILRA5	HSCHR19LRC_COX2_CTG3_1	288422	294485
LILRA5	HSCHR19LRC_COX1_CTG3_1	288498	302003
LILRA5	HSCHR19_4_CTG3_1	289467	295523
LILRA5	HSCHR19LRC_PGF2_CTG3_1	288603	294640
LILRA5	19	54307041	54313166
LILRA6	HSCHR19LRC_COX1_CTG3_1	213259	217539
LILRA6	HSCHR19_4_CTG3_1	211580	217825
LILRA6	HSCHR19LRC_PGF1_CTG3_1	213475	217824
LILRA6	HSCHR19LRC_PGF2_CTG3_1	191261	217850
LILRA6	19	54236590	54242790
LILRB1	HSCHR19LRC_COX1_CTG3_1	523316	543942
LILRB1	HSCHR19_4_CTG3_1	613049	620134
LILRB1	HSCHR19LRC_PGF1_CTG3_1	522048	542447
LILRB1	HSCHR19LRC_PGF2_CTG3_1	363079	364052
LILRB1	19	54616309	54638022
LILRB2	HSCHR19LRC_COX1_CTG3_1	248562	256056
LILRB2	HSCHR19_4_CTG3_1	248789	256153
LILRB2	HSCHR19LRC_PGF1_CTG3_1	248805	253362
LILRB2	HSCHR19LRC_PGF2_CTG3_1	248817	256311
LILRB2	19	54273812	54281184
LILRB4	HSCHR19LRC_COX1_CTG3_1	568518	576762
LILRB4	HSCHR19_4_CTG3_1	645385	652924
LILRB4	HSCHR19LRC_PGF1_CTG3_1	567009	574618
LILRB4	HSCHR19LRC_PGF2_CTG3_1	388618	396863
LILRB4	19	54643889	54670359
LILRB5	HSCHR19LRC_COX1_CTG3_1	225148	232344
LILRB5	HSCHR19_4_CTG3_1	225383	232281
LILRB5	HSCHR19LRC_PGF1_CTG3_1	225393	232577
LILRB5	HSCHR19LRC_PGF2_CTG3_1	225413	232612
LILRB5	19	54249421	54257339
LIPF	10	88664441	88678814
LMAN2	5	177315805	177351840
LMAN2L	2	96704993	96740084
LMNB1	5	126776623	126837232
LMNB2	19	2427638	2456992
LMOD1	1	201896456	201946551
LONP1	19	5691834	5720572
LPA	6	160531482	160664275
LPCAT2	16	55508994	55586666
LPL	8	19901717	19967267
LPO	17	58218548	58268518
LPP	3	188152994	188890671
LRCH4	7	100574011	100586161
LRG1	19	4536402	4540067
LRIG1	3	66378794	66501263
LRIG3	12	58872037	58920551
LRP1	12	57128483	57213361
LRP11	6	149818757	149864424
LRP1B	2	140231423	142131016
LRP8	1	53242364	53328469
LRPAP1	4	3503612	3532446
LRRC19	9	26993136	27005709
LRRC25	19	18391137	18397622
LRRC59	17	50375059	50398227
LRRFIP1	2	237627554	237813682
LRRN1	3	3799378	3849834
LRTM2	HG1815_PATCH	162411	178897
LRTM2	12	1820267	1836753
LSP1	HG28_PATCH	43473	82770
LSP1	11	1850904	1892267
LTA	HSCHR6_MHC_SSTO_CTG1	2871334	2873604
LTA	HSCHR6_MHC_COX_CTG1	3049341	3051611
LTA	HSCHR6_MHC_DBB_CTG1	2819785	2822057
LTA	HSCHR6_MHC_MANN_CTG1	2877095	2879365
LTA	HSCHR6_MHC_MCF_CTG1	2913950	2916222
LTA	HSCHR6_MHC_QBL_CTG1	2827871	2830143
LTA	6	31572054	31574324
LTA4H	12	96000753	96043520
LTB	6	31580525	31582522
LTB	HSCHR6_MHC_APD_CTG1	2913134	2915101
LTB	HSCHR6_MHC_COX_CTG1	3057842	3059809
LTB	HSCHR6_MHC_DBB_CTG1	2828288	2830255
LTB	HSCHR6_MHC_SSTO_CTG1	2879835	2881802
LTB	HSCHR6_MHC_MANN_CTG1	2885596	2887563
LTB	HSCHR6_MHC_MCF_CTG1	2922453	2924420
LTB	HSCHR6_MHC_QBL_CTG1	2836376	2838343
LTBP2	14	74498183	74612378
LTBP3	11	65538559	65558930
LTBR	12	6375045	6391571
LUZP2	11	24496970	25082638
LXN	3	158645822	158672648
LY6D	8	142784882	142786539
LY6G6C	6	31718648	31721746
LY6G6C	HSCHR6_MHC_DBB_CTG1	2966410	2969607
LY6G6C	HSCHR6_MHC_SSTO_CTG1	3017944	3021141
LY6G6C	HSCHR6_MHC_COX_CTG1	3195936	3199133
LY6G6C	HSCHR6_MHC_MANN_CTG1	3023694	3026891
LY6G6C	HSCHR6_MHC_MCF_CTG1	3060523	3063720
LY6G6C	HSCHR6_MHC_QBL_CTG1	2974462	2977659
LY75	2	159803355	159904756
LY9	1	160796074	160828483
LY96	8	73991392	74029079
LYAR	4	4267572	4290196
LYN	8	55879825	56014169
LYPD3	19	43460787	43465608
LYPD8	1	248737957	248755759
LYSMD3	5	90515611	90529596
LYVE1	11	10556966	10611689
LYZ	12	69348381	69354234
LYZL2	10	30611779	30629762
LZTFL1	3	45823316	45916042
M6PR	12	8940358	8951856
MAD1L1	7	1815787	2233243
MAGEA3	HSCHRX_1_CTG14	381298	384871
MAGEA3	X	152698767	152702347
MAGED1	X	51803007	51902357
MAMDC2	HSCHR9_1_CTG3	19469	152750
MAMDC2	9	70043820	70226987
MAMDC4	9	136850943	136860802
MAN1A2	1	117367449	117528872
MAN2B2	4	6575174	6623362
MANBA	4	102630770	102760999
MANF	3	51385291	51389397
MANSC1	HG1362_PATCH	295054	319240
MANSC1	12	12326056	12350483
MANSC4	12	27762427	27780236
MAP2	2	209423988	209734235
MAP2K1	15	66386825	66491656
MAP2K2	19	4090317	4124216
MAP2K4	17	12020828	12143830
MAP2K6	17	69414683	69553865
MAP3K3	17	63622381	63696305
MAP3K5	6	136557034	136793097
MAP4K5	14	50417845	50561126
MAPK1	22	21755537	21867680
MAPK14	6	36027738	36122511
MAPK3	16	30114105	30123506
MAPK8	10	48306639	48439360
MAPK9	5	180233143	180292099
MAPKAPK2	1	206684886	206734284
MAPKAPK5	12	111842013	111902222
MAPRE3	2	26970633	27027219
MARCO	2	118942172	118994664
MARK3	14	103385361	103503831
MARS1	12	57475445	57517569
MASP1	HG2264_PATCH	26961	101659
MASP1	3	187217282	187291980
MATN2	8	97868840	98036769
MATN3	2	19992052	20012669
MAVS	20	3842694	3876123
MAX	14	65006174	65102695
MB	22	35606764	35637951
MBL2	10	52765377	52772784
MCAM	11	119307972	119321521
MCEE	2	71109684	71130279
MCEMP1	19	7677088	7679833
MCFD2	2	46901870	46941855
MCL1	1	150560895	150579738
MCTS1	X	120594010	120621159
MDGA1	6	37630679	37699306
MDH1	2	63588557	63607273
MDK	11	46380756	46383837
MECR	1	29192657	29230945
MED18	HSCHR1_8_CTG3	122646	129609
MED18	1	28329002	28335965
MED21	12	27022546	27066343
MED4	13	48053323	48095131
MEGF10	5	127290796	127465737
MEGF11	HSCHR15_2_CTG8	848	357702
MEGF11	15	65895079	66253811
MEGF9	9	120600811	120714470
MELTF	3	196980590	197029874
MEP1A	6	46793368	46839801
MEP1B	18	32185069	32220404
MEPE	4	87821398	87846814
MERTK	2	111898607	112029561
MESD	15	80946289	80989834
MET	7	116672051	116798386
METAP1D	HSCHR2_11_CTG7_2	438993	521197
METAP1D	2	171999943	172082432
METAP2	12	95473520	95515839
MFAP2	1	16974498	16981616
MFAP4	17	19383442	19387197
MFGE8	15	88898683	88913468
MFNG	22	37469063	37486402
MGA	15	41621134	41773081
MGLL	3	127689062	128052190
MGMT	10	129466679	129770983
MIA	19	40768997	40777490
MICA	HSCHR6_MHC_SSTO_CTG1	2702061	2718516
MICA	HSCHR6_MHC_COX_CTG1	2880151	2896610
MICA	HSCHR6_MHC_MANN_CTG1	2708377	2724826
MICA	HSCHR6_MHC_QBL_CTG1	2655411	2671966
MICA	6	31399784	31415315
MICALL2	7	1428465	1459496
MICB	6	31494881	31511124
MICB	HSCHR6_MHC_APD_CTG1	2827449	2843674
MICB	HSCHR6_MHC_DBB_CTG1	2745694	2758910
MICB	HSCHR6_MHC_COX_CTG1	2975426	2988464
MICB	HSCHR6_MHC_SSTO_CTG1	2797381	2810410
MICB	HSCHR6_MHC_MCF_CTG1	2840040	2853071
MICB	HSCHR6_MHC_MANN_CTG1	2810695	2816200
MICB	HSCHR6_MHC_QBL_CTG1	2753986	2767002
MICOS10	1	19484403	19629821
MIF	HSCHR22_1_CTG7	130366	131589
MIF	22	23894372	23895227
MILR1	17	64449037	64492770
MINDY1	1	150995125	151008376
MINK1	17	4833147	4898065
MINPP1	10	87504875	87553461
MITD1	2	99161427	99181058
MLN	6	33794673	33804003
MME	3	155024124	155183803
MMP1	11	102789401	102798160
MMP10	11	102770502	102780628
MMP12	11	102862736	102874982
MMP13	11	102942995	102955732
MMP3	11	102835801	102843609
MMP7	11	102520508	102530853
MMP8	11	102711796	102727050
MMP9	20	46008908	46016561
MMUT	6	49430360	49463321
MNDA	1	158831332	158849506
MOCS2	5	53095679	53113016
MOG	HSCHR6_MHC_APD_CTG1	922690	938080
MOG	HSCHR6_MHC_DBB_CTG1	922526	937918
MOG	HSCHR6_MHC_SSTO_CTG1	966016	981404
MOG	HSCHR6_MHC_COX_CTG1	1143453	1158845
MOG	HSCHR6_MHC_MANN_CTG1	922098	937486
MOG	HSCHR6_MHC_MCF_CTG1	922380	937746
MOG	HSCHR6_MHC_QBL_CTG1	922481	937873
MOG	6	29656598	29674431
MORF4L2	X	103675360	103688158
MPG	16	77007	85851
MPHOSPH8	13	19633659	19673441
MPI	15	74890005	74902219
MPIG6B	6	31718594	31726714
MPIG6B	HSCHR6_MHC_SSTO_CTG1	3017890	3026006
MPIG6B	HSCHR6_MHC_COX_CTG1	3195882	3203998
MPIG6B	HSCHR6_MHC_DBB_CTG1	2966356	2974472
MPIG6B	HSCHR6_MHC_MANN_CTG1	3023640	3031757
MPIG6B	HSCHR6_MHC_MCF_CTG1	3060469	3068585
MPIG6B	HSCHR6_MHC_QBL_CTG1	2974408	2982521
MPL	1	43337808	43354466
MPO	17	58269855	58280935
MPP7	10	28050993	28335290
MPRIP	17	17042457	17217679
MRAP	21	32291813	32314784
MRC1	10	17809014	17911164
MRI1	19	13764522	13774282
MRM3	17	782345	792509
MRPL33	2	27771717	27988087
MRPL34	19	17292609	17306843
MRPL58	17	75012664	75021266
MSLN	16	760734	768866
MSMB	10	46033307	46048180
MSMP	9	35752990	35756613
MSR1	8	16107878	16567490
MSRA	HG76_PATCH	2918137	3294116
MSRA	8	10054278	10428897
MST1	3	49683947	49689501
MSTN	2	190055700	190062729
MTDH	8	97644013	97730260
MTHFS	15	79833585	79897379
MTHFSD	16	86530178	86555235
MTIF3	13	27435634	27450613
MTPAP	10	30309801	30374448
MTR	1	236795260	236921278
MTRF1L	6	152987362	153002709
MTSS1	8	124550776	124728775
MTSS2	16	70661204	70686053
MUC13	3	124905440	124953819
MUC16	HG2461_PATCH	83783	260177
MUC16	19	8848844	9010390
MUC2	HG107_HG2565_PATCH	71614	108092
MUC2	HSCHR11_3_CTG1	149268	178809
MUC2	11	1074875	1110511
MUL1	1	20499445	20508151
MVK	12	109573255	109598125
MXRA7	17	76672551	76711004
MXRA8	1	1352689	1361777
MYBPC1	12	101568353	101686181
MYBPC2	19	50432805	50466328
MYCBP2	13	77042474	77327094
MYDGF	19	4641374	4670365
MYH9	22	36281279	36388010
MYL11	16	30370332	30377991
MYL3	3	46835109	46885911
MYL4	17	47200446	47227683
MYL6B	12	56151966	56159647
MYO9B	19	17075728	17214537
MYOC	1	171635417	171652688
MYOM2	HSCHR8_8_CTG1	228365	348679
MYOM2	8	2044682	2165552
MYOM3	1	24056035	24112190
MZB1	5	139387467	139390081
MZT1	13	72708367	72727629
NAA10	X	153929225	153935080
NAA80	3	50296402	50299416
NAAA	4	75910655	75941013
NAALAD2	HSCHR11_2_CTG8	37638	99017
NAALAD2	11	90131515	90192894
NACC1	19	13116468	13141147
NADK	1	1751232	1780544
NAGA	22	42058334	42071198
NAGK	2	71064344	71079808
NAGPA	16	5024756	5034141
NAGS	17	44004581	44011028
NAP1L4	HSCHR11_1_CTG7	175479	223447
NAP1L4	11	2944429	2992386
NAPRT	HSCHR8_3_CTG7	64825	68689
NAPRT	8	143574782	143578649
NARS1	18	57600000	57622213
NAT1	8	18170399	18223739
NBL1	1	19596979	19658456
NBN	8	89924515	90003228
NBR1	17	43170317	43211689
NCAM1	11	112961275	113278436
NCAM2	21	20998409	21543329
NCAN	19	19211948	19252247
NCF2	1	183554461	183593499
NCK2	2	105744369	105894275
NCL	2	231453531	231483641
NCLN	19	3185563	3209575
NCR1	HSCHR19KIR_ABC08_A1_HAP_CTG3_1	185097	189012
NCR1	HSCHR19KIR_FH05_A_HAP_CTG3_1	192170	196085
NCR1	HSCHR19KIR_FH08_A_HAP_CTG3_1	180368	184283
NCR1	HSCHR19KIR_FH06_BA1_HAP_CTG3_1	183517	187432
NCR1	HSCHR19KIR_FH06_A_HAP_CTG3_1	182100	186015
NCR1	HSCHR19LRC_COX2_CTG3_1	551333	561328
NCR1	HSCHR19KIR_FH05_B_HAP_CTG3_1	276389	280304
NCR1	HSCHR19_4_CTG3_1	888622	898622
NCR1	HSCHR19LRC_PGF1_CTG3_1	810507	820490
NCR1	19	54906148	54916140
NCR3	HSCHR6_MHC_APD_CTG1	2921474	2925564
NCR3	HSCHR6_MHC_COX_CTG1	3066178	3070268
NCR3	HSCHR6_MHC_SSTO_CTG1	2888176	2892265
NCR3	HSCHR6_MHC_DBB_CTG1	2836632	2840722
NCR3	HSCHR6_MHC_MANN_CTG1	2893936	2898026
NCR3	HSCHR6_MHC_MCF_CTG1	2930788	2934878
NCR3	HSCHR6_MHC_QBL_CTG1	2844718	2848806
NCR3	6	31588895	31593217
NCR3LG1	11	17351800	17377341
NCS1	9	130172347	130237303
NDRG1	8	133237175	133302022
NDRG4	16	58462846	58513628
NDUFA5	7	123536997	123557904
NDUFB4	3	120596303	120602507
NDUFB7	19	14566078	14572066
NDUFS4	5	53560633	53683338
NECAP2	HG1343_HG173_HG459_PATCH	244986	264343
NECAP2	1	16440707	16460081
NECTIN1	11	119623408	119729200
NECTIN2	19	44846175	44889228
NECTIN4	1	161070988	161090045
NEDD9	6	11183298	11382348
NEFL	8	24950955	24956721
NEK7	1	198156883	198322451
NELL1	11	20669551	21577711
NELL2	12	44508274	44921889
NENF	1	212432853	212446379
NEO1	15	73051645	73305205
NEXN	1	77888480	77943895
NFASC	1	204828651	205022822
NFAT5	16	69565094	69704666
NFATC1	18	79395856	79529325
NFATC3	16	68084751	68229259
NFE2	12	54292107	54301259
NFE2L1	17	48047889	48061545
NFKB1	4	102500937	102617302
NFKBIE	6	44258166	44265788
NFU1	2	69396113	69437657
NGF	1	115285904	115338770
NHERF1	17	74748619	74769360
NHERF2	16	2025356	2039026
NHLRC3	13	39038306	39050109
NID1	1	235975830	236065202
NID2	14	52004809	52069059
NINJ1	9	93121496	93134310
NISCH	3	52455118	52493068
NIT1	1	161118082	161125445
NIT2	3	100334625	100361635
NLGN1	3	173396284	174294372
NME1	17	51152949	51162428
NME2	17	51163013	51171749
NME3	16	1770317	1771732
NMI	2	151270467	151289908
NMNAT1	1	9943428	9985501
NMT1	17	44957992	45109016
NOG	17	56593699	56595611
NOP56	20	2652592	2658393
NOS1	12	117208142	117452170
NOS2	17	27756766	27800758
NOS3	7	150991017	151015653
NOTCH1	9	136494433	136546048
NOTCH2	1	119911553	120100779
NOTCH3	19	15159038	15200996
NPC2	14	74476192	74494177
NPDC1	9	137039459	137046695
NPHS1	19	35825372	35869287
NPL	1	182789293	182831017
NPLOC4	17	81556887	81648465
NPPB	1	11857464	11858976
NPPC	2	231921809	231926396
NPTX1	17	80466834	80477843
NPTX2	7	98617285	98629869
NPTXR	22	38818452	38844028
NPY	7	24284188	24291862
NQO1	16	69706996	69726668
NR1D2	3	23945286	23980637
NR1H2	19	50329640	50383404
NRBP1	2	27427790	27442260
NRCAM	7	108147623	108456717
NRGN	11	124739939	124747210
NRP1	10	33177492	33336262
NRP2	2	205681990	205798133
NRXN3	14	78170373	79868291
NSDHL	HSCHRX_1_CTG14	446157	484919
NSDHL	X	152830967	152869729
NSF	HSCHR17_2_CTG5	1110346	1276876
NSF	HSCHR17_1_CTG5	1576739	1743341
NSF	17	46590669	46757679
NSFL1C	20	1442162	1473842
NT5C	17	75130225	75131776
NT5C1A	1	39651229	39673328
NT5C3A	7	33014113	33062824
NT5E	6	85449584	85495791
NTF3	12	5432108	5521536
NTF4	19	49061066	49065076
NTRK2	9	84668375	85095751
NTRK3	15	87859751	88256993
NUB1	7	151341708	151378461
NUBP1	16	10743786	10769353
NUCB2	11	17208072	17349980
NUDC	1	26900238	26946885
NUDT16	3	131381671	131388830
NUDT2	9	34329506	34343713
NUDT5	10	12165328	12196127
NUMB	14	73274146	73466167
NXF1	11	62792123	62806302
NXPH3	17	49575871	49583827
NXT1	20	23350767	23354771
OAS1	12	112905856	112933219
OBP2B	HG2030_PATCH	31223	35196
OBP2B	9	133205277	133209250
OCLN	HSCHR5_2_CTG1_1	275189	339606
OCLN	5	69492184	69558104
OCRL	X	129539849	129592561
OGA	10	101784443	101818620
OGFR	20	62804178	62814000
OGN	HG1012_PATCH	217997	239425
OGN	9	92383268	92406734
OLA1	2	174072447	174248608
OLFM4	13	53028813	53052057
OLR1	12	10158301	10172138
OMD	HG1012_PATCH	247109	259200
OMD	9	92412380	92424471
OMG	HG2407_PATCH	351187	376701
OMG	17	31272013	31297539
OPHN1	X	67949349	68434120
OPLAH	8	144051265	144064091
OPTC	1	203494121	203508949
ORM1	9	114323025	114326479
OSCAR	HSCHR19LRC_COX2_CTG3_1	69048	77107
OSCAR	HSCHR19LRC_LRC_S_CTG3_1	69048	77107
OSCAR	HSCHR19LRC_COX1_CTG3_1	69048	77107
OSCAR	HSCHR19LRC_LRC_I_CTG3_1	69048	77107
OSCAR	HSCHR19LRC_LRC_T_CTG3_1	69048	77107
OSCAR	HSCHR19LRC_LRC_J_CTG3_1	69048	77107
OSCAR	HSCHR19_4_CTG3_1	69046	77113
OSCAR	HSCHR19LRC_PGF1_CTG3_1	69048	77107
OSCAR	HSCHR19LRC_PGF2_CTG3_1	69048	77107
OSCAR	19	54094668	54102692
OSM	22	30262829	30266851
OSMR	5	38845852	38945596
OSTN	3	191199241	191265615
OTUD6B	8	91070196	91087095
OTUD7B	1	149937812	150010758
OXCT1	5	41730064	41870589
OXT	20	3071620	3072517
P4HB	17	81843159	81860856
PABPC3	13	25096136	25099254
PACS2	14	105300563	105398147
PADI2	HG1343_HG173_HG459_PATCH	1481961	1534651
PADI2	1	17066761	17119459
PADI4	HG2095_PATCH	153419	209227
PADI4	1	17308195	17364004
PAEP	9	135561756	135566955
PAFAH1B3	19	42297023	42303546
PAFAH2	1	25959767	25999206
PAG1	8	80967810	81112116
PAGR1	16	29816152	29822489
PAK4	19	39125728	39182816
PALM	19	708935	748329
PALM3	HG109_PATCH	265204	273917
PALM3	19	14053363	14062076
PAM	5	102753981	103031149
PAMR1	11	35431823	35530300
PAPPA	9	116153791	116402321
PARD3	10	34109560	34815419
PARK7	1	7954264	7985505
PARP1	1	226360210	226408154
PATE4	11	125833316	125840072
PAXIP1	7	154943687	155003124
PAXX	9	136992403	136994074
PBLD	10	68282657	68334114
PBXIP1	1	154944059	154956451
PCBD1	10	70882280	70888605
PCBP1	2	70087477	70089203
PCBP2	12	53451900	53481162
PCDH1	5	141853090	141879246
PCDH10	4	133149294	133208606
PCDH12	5	141943581	141969741
PCDH17	13	57631744	57729311
PCDH7	4	30720369	31146805
PCDH9	13	66302834	67230445
PCDHB10	HG2308_PATCH	427529	430823
PCDHB10	5	141192353	141195647
PCDHB15	HG2308_PATCH	480571	484541
PCDHB15	5	141245395	141249365
PCDHGC5	5	141489081	141512975
PCNA	20	5114953	5126626
PCOLCE	7	100602334	100608175
PCOLCE2	3	142815922	142889206
PCSK1	5	96390333	96434143
PCSK7	11	117204337	117232528
PCSK9	1	55039445	55064852
PCYT2	17	81900958	81911461
PDAP1	7	99392048	99408665
PDCD1	HSCHR2_3_CTG15	61979	71006
PDCD1	2	241849884	241858894
PDCD1LG2	9	5510491	5571282
PDCD5	19	32581188	32587453
PDCD6	5	271621	314974
PDCL2	4	55556519	55592245
PDE4D	5	58969038	60522120
PDE5A	4	119494397	119628804
PDGFA	7	497258	520695
PDGFB	22	39223359	39244982
PDGFC	4	156760454	156971799
PDGFD	11	103907189	104164379
PDGFRA	4	54229130	54298246
PDGFRB	5	150113839	150158260
PDGFRL	8	17576433	17644071
PDIA3	15	43746394	43773279
PDIA4	7	149003046	149028662
PDIA5	3	123067025	123225227
PDK1	2	172555373	172608669
PDLIM5	4	94451857	94668227
PDLIM7	5	177483393	177497608
PDP1	8	93857788	93926068
PDRG1	20	31944337	31952069
PDZD2	5	31639121	32110933
PDZK1	1	145670848	145708148
PDZK1IP1	1	47183582	47191398
PEAR1	1	156893666	156916432
PEBP1	12	118136071	118145584
PECAM1	17	64319415	64413776
PECR	2	215996329	216082955
PENK	8	56436674	56448048
PEPD	19	33386950	33521823
PER3	1	7784291	7845181
PF4	4	73980811	73982027
PF4V1	4	73853296	73854483
PFDN5	HG2554_PATCH	19051	23212
PFDN5	12	53295291	53299452
PFKFB2	1	207034366	207081243
PGA4	11	61222347	61231694
PGD	1	10398592	10420511
PGF	14	74941830	74955626
PGLYRP1	19	46019153	46023053
PGLYRP2	19	15468642	15498956
PGM1	1	63593241	63660245
PGR	11	101029624	101129813
PGRMC2	4	128269237	128288829
PHACTR2	6	143536845	143831185
PHLDB1	11	118606396	118658038
PHOSPHO1	17	49223366	49230787
PHYKPL	5	178207144	178233208
PI16	6	36948263	36965993
PI3	20	45174902	45176544
PIBF1	13	72781641	73017823
PIGR	1	206928522	206949367
PIK3AP1	10	96593043	96720534
PIK3IP1	22	31281594	31292534
PIKFYVE	2	208266234	208358755
PILRA	7	100367530	100400096
PILRB	7	100352176	100367831
PIM1	6	37170152	37175428
PIN4	X	72181353	72302926
PINLYP	19	43575801	43583964
PKD1	16	2088708	2135898
PKD2	4	88007629	88077777
PKLR	HSCHR1_2_CTG31	94862	106457
PKLR	1	155289293	155301438
PKN3	9	128702499	128720924
PLA2G10	HSCHR16_1_CTG1	245404	267531
PLA2G10	16	14672548	14694308
PLA2G12B	10	72933098	72954845
PLA2G15	16	68245304	68261063
PLA2G1B	12	120322115	120327779
PLA2G2A	1	19975431	19980462
PLA2G2E	1	19920009	19923617
PLA2G4A	1	186828949	186988986
PLA2G7	6	46704201	46735718
PLA2R1	2	159932006	160062636
PLAT	8	42174718	42207709
PLAU	10	73909177	73917501
PLAUR	19	43646095	43670547
PLB1	2	28457145	28644142
PLCB1	20	8077251	8968360
PLCB2	15	40278176	40307941
PLCG1	20	41136931	41196801
PLD3	19	40348453	40389472
PLEKHO1	1	150149183	150164720
PLG	6	160702105	160754097
PLIN1	15	89664365	89679450
PLIN3	19	4838339	4867717
PLOD2	3	146035139	146163725
PLPBP	8	37762585	37779770
PLSCR3	HG2046_PATCH	10184	15299
PLSCR3	17	7389727	7397054
PLTP	20	45898621	45912235
PLXDC1	17	39063313	39154394
PLXDC2	10	19815943	20289856
PLXNA1	3	126982693	127037389
PLXNA4	7	132123340	132648688
PLXNB2	22	50274978	50307695
PLXNB3	X	153764186	153779346
PLXNC1	12	94148577	94307675
PM20D1	1	205828025	205850132
PMEL	12	55954104	55973317
PMM2	16	8788823	8862534
PMVK	1	154924732	154937008
PNKP	19	49859882	49878351
PNLIP	10	116545931	116567855
PNLIPRP1	HG2576_PATCH	1381	20171
PNLIPRP1	10	116590385	116609175
PNLIPRP2	HG2576_PATCH	31949	56139
PNLIPRP2	10	116620953	116645143
PNMA1	14	73711783	73714384
PNP	HG2526_HG2573_PATCH	664673	679775
PNP	14	20461992	20477094
PNPT1	2	55634061	55693863
PODXL	7	131500254	131558217
PODXL2	3	127629143	127672810
POF1B	X	85276746	85379755
POFUT1	20	32207851	32238658
POLM	7	44070915	44082530
POLR2F	22	37952607	38041915
POMC	2	25160853	25168903
PON1	7	95297173	95324710
PON2	7	95404861	95435389
PON3	7	95357618	95396493
POR	7	75899200	75986855
POSTN	13	37562582	37598855
PPBP	4	73985966	73988276
PPCDC	15	75023586	75117462
PPIA	7	44796678	44824564
PPIB	15	64155740	64163159
PPIF	10	79347466	79355337
PPL	16	4882507	4960741
PPM1B	2	44167969	44244384
PPM1F	22	21919425	21952848
PPME1	11	74171083	74254703
PPP1CC	12	110719680	110742939
PPP1R12A	12	79773563	79935460
PPP1R14A	19	38251237	38256557
PPP1R14D	15	40815446	40829391
PPP1R2	3	195514428	195543386
PPP1R9B	17	50133737	50150703
PPP2R3A	3	135965655	136147894
PPP2R5A	1	212285357	212361863
PPP3R1	2	68178857	68256237
PPT1	1	40072710	40097267
PPY	17	43940804	43944144
PRAP1	10	133347196	133354013
PRCP	11	82822936	82970584
PRDM1	6	105993463	106109939
PRDX1	1	45510914	45542816
PRDX2	19	12796817	12801849
PRDX3	10	119167699	119178865
PRDX5	11	64318041	64321822
PRDX6	1	173476814	173489064
PRELP	1	203475777	203491352
PRG2	11	57386780	57391143
PRG3	11	57376769	57381150
PRKAA2	1	56645314	56715335
PRKAB1	12	119667864	119681624
PRKACA	HG109_PATCH	303847	330243
PRKACA	19	14091688	14118084
PRKAR1A	17	68511780	68551319
PRKAR2A	3	48744591	48847874
PRKCB	16	23835959	24220611
PRKCZ	1	2050411	2185395
PRKG1	10	50990888	52298423
PRKRA	2	178431292	178451512
PRL	6	22287244	22302826
PRND	20	4721909	4728460
PROC	2	127415933	127429762
PROCR	20	35171850	35216240
PROK1	1	110451149	110457358
PROS1	3	93873046	93980003
PRRT3	3	9939450	9952424
PRSS2	HSCHR7_2_CTG6	793943	797532
PRSS2	7	142760398	142774564
PRSS22	HSCHR16_5_CTG1	32208	37628
PRSS22	16	2852728	2858210
PRSS27	16	2712419	2721166
PRSS3	9	33750679	33799231
PRSS53	16	31083437	31089628
PRSS8	16	31131433	31135727
PRTFDC1	10	24848614	24952606
PRTG	15	55611544	55743152
PRTN3	HSCHR19_5_CTG2	19803	27018
PRTN3	19	840999	848175
PSAP	10	71816289	71851330
PSAPL1	4	7430285	7434930
PSCA	8	142670308	142682725
PSD	10	102402614	102421539
PSD2	5	139795808	139844470
PSG1	19	42866464	42879822
PSG5	19	43166256	43186536
PSIP1	9	15464065	15511202
PSMD9	12	121888726	121918297
PSME1	HG1_PATCH	437141	439945
PSME1	14	24136156	24138967
PSMG3	7	1567332	1571078
PSMG4	6	3231403	3304020
PSPN	19	6375148	6379058
PSRC1	1	109279545	109284107
PSTPIP2	18	45983536	46072296
PTEN	HG2334_PATCH	78462	183684
PTEN	10	87862638	87971930
PTGDS	9	136975053	136981750
PTGES2	9	128120693	128128462
PTGR1	9	111549722	111599893
PTH	11	13492054	13496181
PTH1R	3	46877721	46903799
PTH2	19	49422419	49423660
PTHLH	12	27958084	27972755
PTK2B	8	27311456	27459392
PTK6	20	63528001	63537376
PTN	7	137227341	137344358
PTPN1	20	50510321	50585241
PTPN11	12	112418351	112509918
PTPN6	12	6946417	6961316
PTPN7	1	202147012	202161588
PTPN9	15	75463251	75579583
PTPRB	12	70515870	70637440
PTPRC	HSCHR1_3_CTG31	280076	363881
PTPRC	1	198629900	198759346
PTPRF	1	43525086	43626579
PTPRH	19	55181230	55209508
PTPRK	HSCHR6_1_CTG8	313977	870008
PTPRK	6	127968780	128520619
PTPRM	18	7566782	8406861
PTPRN2	HSCHR7_1_CTG7	53097	186331
PTPRN2	7	157539056	158587823
PTPRR	12	70638073	70920738
PTPRS	19	5158495	5340941
PTPRU	1	29236505	29326813
PTPRZ1	7	121873089	122062037
PTRHD1	2	24789728	24793391
PTS	11	112226367	112269955
PTX3	3	157436850	157443633
PVALB	HSCHR22_1_CTG5	21471	40266
PVALB	22	36800682	36819479
PVR	19	44643798	44666162
PXN	12	120210439	120265795
PXYLP1	3	141228726	141367753
PYDC1	16	31215962	31217162
PYGL	14	50857891	50944734
PYY	17	43952733	44004469
PZP	12	9148840	9208399
QDPR	4	17460261	17512206
QPCT	2	37342827	37373322
QSOX1	1	180154869	180204030
QSOX2	9	136206333	136245812
RAB10	2	26033481	26138436
RAB11FIP3	HSCHR16_CTG2	24765	125679
RAB11FIP3	16	425593	523012
RAB1A	2	65070696	65130986
RAB26	16	2140803	2154165
RAB27B	18	54717857	54895516
RAB2A	8	60516936	60623644
RAB2B	14	21459020	21476960
RAB33A	X	130171950	130184874
RAB35	12	120095094	120117502
RAB37	17	74670578	74747337
RAB39B	X	155258235	155264491
RAB44	6	36697826	36733184
RAB6A	11	73675638	73761465
RABEP1	17	5282259	5386340
RABEPK	9	125200538	125234161
RABGAP1L	1	174159410	174995308
RAC3	17	82031637	82034204
RACGAP1	12	49976923	50033136
RAD23A	19	12945848	12953646
RAD23B	9	107283137	107332192
RAD51D	17	35092221	35121522
RALY	20	33993632	34108308
RANBP1	22	20115877	20127355
RANBP3	19	5916139	5978144
RAP1A	1	111542218	111716691
RAP1GAP	1	21596215	21669846
RAPGEF2	4	159103013	159360174
RARRES1	3	158696892	158732798
RARRES2	7	150338314	150342144
RASSF2	20	4780019	4823870
RBFOX3	17	79089345	79611258
RBKS	2	27780857	27890681
RBM17	10	6086898	6117457
RBM23	14	22893204	22919182
RBP1	3	139517434	139539829
RBP2	3	139452884	139480767
RBP5	HG1398_PATCH	43422	56575
RBP5	12	7115736	7128889
RBP7	1	9997054	10016021
RBPMS	8	30384416	30572256
RBPMS2	15	64739886	64775621
RCC1	1	28505943	28539300
RCN2	15	76931738	76954393
RDH16	12	56950087	56959374
RECK	9	36036905	36124455
REEP4	8	22138019	22141951
REG1A	2	79120362	79123409
REG1B	2	79085023	79088019
REG3A	2	79157003	79159753
REG4	1	119794017	119811580
RELB	19	45001461	45038192
RELT	11	73376325	73397474
REN	1	204154815	204190324
REPIN1	7	150368071	150374045
REPS1	6	138903493	138988354
RET	10	43077026	43130351
RETN	19	7669049	7670455
RFK	9	76385526	76394517
RFNG	17	82047902	82051831
RGCC	13	41457532	41470877
RGMA	15	93035271	93089211
RGMB	5	98768004	98798643
RGS10	10	119499817	119543294
RGS18	1	192158462	192185815
RGS8	1	182641816	182684587
RHOA	3	49359136	49412998
RHOC	1	112701127	112707845
RHPN2	19	32978592	33064888
RIC3	11	8106056	8169055
RIDA	8	98102336	98117175
RIGI	9	32455302	32526348
RILP	HSCHR17_1_CTG2	76173	80105
RILP	17	1646143	1650077
RILPL2	12	123409714	123436684
RLBP1	15	89209869	89222577
RLN2	9	5299864	5304716
RMDN1	8	86468257	86514357
RNASE1	14	20801228	20802884
RNASE3	14	20891385	20892348
RNASE4	14	20682598	20701216
RNASE6	14	20781068	20782467
RNASEH2A	19	12806505	12813643
RNASET2	6	166922113	166957448
RNF13	3	149809445	149962153
RNF149	2	101271219	101308724
RNF168	3	196468783	196503768
RNF41	12	56202179	56224275
RNF43	17	58353676	58417735
RNF5	HSCHR6_MHC_APD_CTG1	3510956	3513395
RNF5	HSCHR6_MHC_SSTO_CTG1	3494561	3497000
RNF5	HSCHR6_MHC_COX_CTG1	3616712	3619145
RNF5	HSCHR6_MHC_MANN_CTG1	3483335	3485774
RNF5	HSCHR6_MHC_MCF_CTG1	3520375	3522812
RNF5	HSCHR6_MHC_QBL_CTG1	3401555	3403994
RNF5	6	32178405	32180793
ROBO1	3	78597239	79767998
ROBO2	3	75906695	77649964
ROBO4	11	124883666	124898500
ROR1	1	63774017	64181498
RP2	X	46836928	46889240
RPA2	1	27891524	27914746
RPE	2	210002565	210022262
RPL14	3	40457292	40468587
RPL30	8	98024851	98046469
RPN1	3	128619968	128681075
RPS27A	2	55229447	55236044
RPS3	11	75394327	75422280
RPS3A	HSCHR4_2_CTG8_1	36355	41373
RPS3A	4	151099565	151104652
RPS4X	X	72255679	72277312
RPS7	2	3575198	3580952
RPSA	3	39406709	39426255
RRAS	19	49635292	49640143
RRM1	11	4094707	4138932
RRM2	2	10120698	10211725
RRM2B	8	102204502	102239382
RSPO1	1	37610802	37635604
RSPO3	6	127118663	127199481
RTBDN	19	12825477	12838362
RTN4IP1	6	106570771	106629498
RTN4R	22	20241415	20283246
RWDD1	6	116571409	116597675
S100A11	1	152032504	152047907
S100A12	1	153373711	153375621
S100A13	1	153618612	153634442
S100A14	1	153614255	153616996
S100A16	1	153606882	153614012
S100A4	1	153543613	153550136
S100A6	1	153534591	153536549
S100G	X	16650158	16654670
S100P	4	6693878	6697170
SAA4	11	18231344	18236860
SAMD9L	7	93130056	93148385
SAT2	17	7626234	7627876
SBSN	19	35523367	35528351
SCAMP2	15	74843728	74873374
SCAMP3	HSCHR1_2_CTG31	61002	67453
SCAMP3	1	155255979	155262433
SCARA5	8	27869883	27992834
SCARB2	4	76158737	76234536
SCARF1	HSCHR17_1_CTG2	63886	75775
SCARF1	17	1633851	1645753
SCARF2	22	20424584	20437944
SCG2	2	223596940	223602361
SCG3	15	51681492	51721026
SCGB1A1	11	62405103	62423195
SCGB2A1	11	62208673	62213943
SCGB3A1	5	180590105	180591499
SCGB3A2	5	147869800	147882197
SCGN	6	25652201	25701783
SCLY	2	238060924	238099413
SCMH1	1	41027202	41242306
SCN4B	11	118133377	118152888
SCPEP1	17	56978111	57006768
SCRG1	4	173384701	173410218
SCRN1	7	29920104	29990289
SCT	HSCHR11_1_CTG8	156330	157042
SCT	11	626309	627181
SDC1	2	20200796	20225433
SDC4	20	45325288	45348425
SDCCAG8	HSCHR1_3_CTG32_1	268164	512199
SDCCAG8	1	243255349	243500095
SDF2	17	28648346	28662189
SDHB	1	17018664	17054151
SDK2	17	73334384	73644445
SEC13	3	10293131	10321123
SEC31A	4	82818081	82901166
SEL1L	14	81471547	81533863
SEL1L2	HG2225_PATCH	57798	210052
SEL1L2	20	13849247	13996443
SELE	1	169722640	169764705
SELENOS	15	101270531	101277500
SELL	1	169690665	169712202
SELP	1	169588421	169630193
SELPLG	12	108620413	108633894
SEMA3A	7	83955777	84492939
SEMA3F	3	50155012	50189075
SEMA3G	3	52433035	52445103
SEMA4C	2	96859718	96873840
SEMA4D	9	89360787	89498167
SEMA6A	5	116443555	116576161
SEMA6C	1	151131685	151147813
SEMA7A	HG2198_PATCH	238558	263227
SEMA7A	15	74409289	74433958
SEMG2	20	45221373	45224458
SEPHS1	10	13317425	13348596
SEPTIN3	22	41969443	41998221
SEPTIN8	5	132750814	132807241
SERPINA1	HSCHR14_7_CTG1	1493319	1507265
SERPINA1	14	94376745	94390866
SERPINA11	14	94442464	94452828
SERPINA12	14	94487274	94517844
SERPINA3	14	94612377	94624645
SERPINA4	14	94561390	94570482
SERPINA5	14	94561442	94593120
SERPINA6	HSCHR14_7_CTG1	1418810	1437956
SERPINA6	14	94304248	94323389
SERPINA7	X	106032425	106038778
SERPINA9	14	94462717	94481125
SERPINB1	6	2832332	2842001
SERPINB6	6	2948158	2972375
SERPINB8	18	63970029	64019779
SERPINB9	6	2887169	2903309
SERPINC1	1	173903519	173917543
SERPIND1	22	20774112	20787721
SERPINE1	7	101122158	101139263
SERPINE2	2	223975045	224039688
SERPINF1	HSCHR17_1_CTG2	190908	195943
SERPINF1	17	1761979	1777627
SERPINF2	HSCHR17_1_CTG2	171788	184217
SERPINF2	17	1742069	1755271
SERPING1	11	57597387	57619246
SERPINH1	11	75561564	75572787
SERPINI1	3	167735068	167825573
SERPINI2	3	167441914	167478972
SESTD1	2	179101678	179264832
SETMAR	3	4303304	4320649
SEZ6	17	28954901	29006440
SEZ6L	22	26169462	26383597
SEZ6L2	16	29871159	29899550
SF3B4	1	149923317	149927803
SFRP1	8	41261956	41309511
SFRP4	7	37905932	38025695
SFTPA1	10	79610412	79616115
SFTPA2	10	79555761	79560492
SFTPD	10	79937128	79983996
SGSH	17	80206716	80220923
SH2B3	12	111405000	111451623
SH2D1A	X	124227868	124373197
SH3BP1	22	37634654	37656117
SH3BP2	4	2793020	2841291
SH3GLB2	9	129007036	129028369
SHBG	17	7613946	7633469
SHC1	1	154962284	154974395
SHH	7	155799980	155812463
SHISA5	3	48467798	48504826
SHMT1	HSCHR17_3_CTG1	88247	123941
SHMT1	17	18327686	18363550
SIAE	11	124633113	124695707
SIGIRR	11	405711	417473
SIGLEC1	20	3686970	3712647
SIGLEC10	19	51410020	51417803
SIGLEC12	19	51491227	51501800
SIGLEC14	19	51639478	51646825
SIGLEC5	19	51630101	51645545
SIGLEC5	19	51610948	51630401
SIGLEC6	19	51517819	51531856
SIGLEC7	19	51142288	51153658
SIGLEC8	19	51450847	51458469
SIGLEC9	19	51124906	51140470
SIL1	5	138946720	139293557
SIRPA	20	1892726	1940592
SIRPB1	20	1561385	1620061
SIRPB2	20	1470741	1491587
SIRPG	20	1629152	1657779
SIRT1	10	67884656	67918390
SIRT2	HG26_PATCH	288227	309534
SIRT2	19	38878555	38900501
SIRT5	6	13574210	13615158
SIT1	9	35649288	35650963
SKAP1	17	48133437	48430275
SKAP2	7	26667003	26995239
SKIL	3	170357287	170396835
SLA2	20	36612318	36646205
SLAMF1	1	160608100	160647044
SLAMF6	1	160485030	160523273
SLAMF7	1	160739057	160754821
SLAMF8	1	159826693	159837492
SLC14A2	18	45212995	45683688
SLC16A1	HG2104_PATCH	2426	47592
SLC16A1	1	112911847	112957593
SLC27A4	9	128340506	128363283
SLC39A14	8	22366727	22434129
SLC39A5	12	56230039	56238214
SLC4A1	17	44248390	44268141
SLC51B	15	65045387	65053397
SLC5A8	HSCHR12_3_CTG2_1	48085	102804
SLC5A8	12	101155493	101210238
SLIT2	4	20251903	20620561
SLITRK1	13	83877205	83882474
SLITRK2	X	145817819	145829856
SLITRK6	13	85792790	85806683
SLMAP	3	57755450	57931461
SLURP1	8	142740949	142742406
SMAD1	4	145480769	145559176
SMAD2	18	47808957	47931569
SMAD3	15	67063763	67195173
SMAD5	5	136132845	136188747
SMAP1	6	70667776	70862015
SMC3	10	110567680	110606048
SMNDC1	10	110290730	110304963
SMOC1	14	69854131	70032366
SMOC2	6	168440656	168673445
SMPD1	11	6390414	6394998
SMPD3	16	68358327	68448508
SMPDL3A	6	122789049	122809720
SMS	X	21940709	21994837
SMTN	22	31064105	31104757
SNAP23	15	42491233	42545356
SNAP25	20	10172395	10308258
SNAP29	22	20858537	20891214
SNAPIN	1	153658696	153663930
SNCA	4	89700345	89838315
SNCG	10	86955771	86963261
SNED1	2	240998612	241095569
SNRPA	19	40750585	40765393
SNRPB2	20	16729958	16742564
SNRPF	12	95858931	95903828
SNU13	22	41673933	41690504
SNX15	11	65027437	65040572
SNX2	5	122775010	122834543
SNX5	20	17941597	17969022
SNX8	7	2251770	2354318
SNX9	6	157700387	157945077
SOCS3	17	78356778	78360930
SOD1	21	31659633	31668931
SOD2	6	159669069	159762529
SOD3	4	24789912	24800848
SORCS2	4	7192538	7742827
SORD	15	45023147	45077185
SORT1	1	109309568	109397967
SOST	17	43753738	43758791
SPACA3	17	32970376	32997877
SPAG1	8	100157906	100259278
SPAG11A	HG76_PATCH	5445169	5466154
SPAG11A	8	7847876	7868867
SPARC	5	151661096	151687352
SPARCL1	4	87473329	87531118
SPART	13	36301638	36370215
SPATA20	17	50543058	50556481
SPESP1	15	68818221	68946811
SPG21	15	64963022	64990312
SPINK1	5	147824572	147831671
SPINK2	4	56809860	56821742
SPINK4	9	33218365	33248567
SPINK5	5	148025683	148137382
SPINK6	5	148202794	148215137
SPINK8	3	48306842	48333661
SPINT1	15	40843513	40858383
SPINT2	19	38244035	38292615
SPINT3	20	45512461	45515622
SPOCK1	5	136975298	137598379
SPON1	11	13962694	14268133
SPON2	4	1166932	1208962
SPP1	4	87975667	87983532
SPRED2	2	65310851	65432637
SPRING1	12	116710171	116738070
SPRR1B	1	153031203	153032900
SPRY2	13	80335518	80342983
SPTAN1	9	128552558	128633663
SPTLC1	9	92000087	92115433
SRC	HG410_PATCH	254187	315552
SRC	20	37344673	37406050
SRP14	15	40035690	40039181
SRPK2	7	105110704	105399308
SRPX	X	38149336	38220941
SRSF7	2	38743599	38751494
SSC4D	7	76389017	76409744
SSC5D	19	55488404	55519099
SSH3	11	67303478	67312607
SSMEM1	7	130206344	130216844
SSNA1	9	137188657	137190370
SSU72	1	1541673	1574884
ST13	22	40824535	40856690
ST3GAL1	8	133454848	133572518
ST3GAL6	3	98732175	98821201
ST6GAL1	3	186930325	187078932
ST6GALNAC3	1	76074746	76634603
ST8SIA1	12	22063773	22437041
STAB2	12	103587273	103766719
STAMBP	2	73828916	73873659
STAT1	2	190908460	191020960
STAT2	12	56341597	56360274
STAT3	17	42313324	42388568
STAT5B	17	42199176	42288633
STAT6	12	57095404	57132139
STAU1	20	49113338	49188417
STC1	8	23841929	23854806
STC2	5	173314723	173328447
STIP1	11	64185272	64204548
STK11	19	1177558	1228431
STK24	13	98445185	98577940
STK4	20	44966494	45084214
STMN2	8	79611117	79666159
STMN3	20	63639705	63657682
STMN4	8	27235308	27258435
STOM	9	121338987	121370304
STX16	20	58651261	58679526
STX1A	7	73699205	73719691
STX2	12	130789600	130839265
STX3	11	59713456	59805882
STX4	16	31032889	31042975
STX6	1	180972712	181023121
STX7	6	132445867	132513999
STX8	17	9250471	9576591
STXBP1	9	127579370	127696027
STXBP3	1	108746634	108809525
SUGP1	19	19276018	19320511
SUGT1	13	52652682	52700909
SULT1A1	16	28605008	28612503
SULT2A1	19	47870467	47886347
SUMF2	7	56064002	56080670
SUMO3	21	44805617	44818779
SUOX	12	55996855	56006641
SUSD1	9	112040777	112175486
SUSD2	22	24181481	24189111
SUSD4	1	223220819	223365279
SUSD5	3	33150043	33218810
SV2A	1	149903318	149918572
SVEP1	9	110365248	110579880
SWAP70	11	9664072	9752993
SYAP1	X	16719545	16765340
SYNE2	14	63761899	64226433
SYT1	12	78863650	79452009
SYT11	1	155859449	155885199
SYTL4	X	100671783	100732151
TAB2	6	149218641	149411613
TACC3	4	1712858	1745178
TACSTD2	1	58575433	58577252
TADA3	3	9779964	9793011
TAFA5	22	48489431	48850912
TALDO1	11	747399	765035
TANK	2	161136908	161236230
TAPBP	HSCHR6_MHC_DBB_CTG1	4543212	4557902
TAPBP	HSCHR6_MHC_COX_CTG1	4711179	4725870
TAPBP	HSCHR6_MHC_QBL_CTG1	4494115	4508814
TAPBP	HSCHR6_MHC_MCF_CTG1	4735630	4750321
TAPBP	6	33299694	33314284
TAPBPL	12	6451690	6466517
TARBP2	12	53500921	53506431
TAX1BP1	7	27739331	27844564
TAX1BP3	17	3662895	3668679
TBC1D17	19	49877501	49888751
TBC1D23	3	100260780	100325251
TBC1D5	3	17157162	18444817
TBCA	5	77691166	77868780
TBCB	19	36114289	36125947
TBCC	6	42744498	42746103
TBL1X	X	9463258	9741037
TCL1A	14	95709947	95714196
TCN1	11	59852800	59866489
TCN2	22	30607003	30627631
TCOF1	5	150357629	150400491
TCTN3	10	95659823	95694143
TDP1	14	89954939	90044820
TDRKH	1	151769799	151791416
TEF	22	41367333	41399326
TEK	9	27109030	27232092
TEX101	19	43401496	43418597
TF	3	133746040	133796641
TFF2	21	42346357	42350997
TFF3	21	42311667	42315409
TFPI	2	187463823	187565846
TFPI2	7	93885396	93890753
TFRC	3	196012511	196082162
TG	8	132866958	133134903
TGFA	2	70447284	70554193
TGFB1	19	41301587	41353961
TGFB2	1	218345336	218444619
TGFBI	5	136028988	136063818
TGFBR2	3	30606478	30694249
TGFBR3	1	91680343	91906335
TGM2	20	38127385	38168463
TGOLN2	HSCHR2_6_CTG1	244268	254489
TGOLN2	2	85318027	85328251
THBD	20	23045633	23049672
THBS2	6	169215780	169254060
THBS3	1	155195587	155209051
THBS4	5	79991311	80083831
THOP1	19	2785494	2815807
THPO	3	184371935	184381968
THSD1	13	52377163	52416373
THTPA	14	23555988	23560271
THY1	11	119415476	119424985
TIA1	2	70209444	70248761
TIE1	1	43300971	43323108
TIGAR	12	4307763	4360028
TIGIT	3	114276913	114310288
TIMD4	5	156919292	156963226
TIMM10	11	57528406	57531031
TIMM8A	X	101345652	101349001
TIMP1	X	47582408	47586789
TIMP2	17	78852977	78925387
TIMP3	22	32801576	32863042
TIMP4	3	12153068	12158912
TINAGL1	1	31576485	31587689
TJAP1	6	43477523	43506562
TJP1	HSCHR15_4_CTG8	1984289	2106633
TJP1	15	29699367	29968915
TK1	17	78172780	78187233
TLL1	4	165873237	166104457
TLN2	15	62390512	62844631
TLR1	4	38787555	38856817
TLR3	4	186068911	186088073
TMCO5A	15	37921858	37967724
TMED8	14	77335029	77377097
TMEM106A	17	43211835	43220041
TMEM132A	11	60924460	60937159
TMEM230	20	5068232	5113452
TMEM25	11	118531041	118547280
TMEM59L	19	18607430	18621040
TMPO	12	98515561	98550351
TMPRSS11D	4	67820876	67884002
TMPRSS15	21	18269116	18485879
TMPRSS5	11	113687543	113706382
TMSB10	2	84904923	84906680
TNC	9	115019575	115118257
TNF	HSCHR6_MHC_APD_CTG1	2909113	2910915
TNF	6	31575565	31578336
TNF	HSCHR6_MHC_DBB_CTG1	2823300	2826069
TNF	HSCHR6_MHC_COX_CTG1	3052854	3055623
TNF	HSCHR6_MHC_SSTO_CTG1	2874847	2877616
TNF	HSCHR6_MHC_MANN_CTG1	2880608	2883377
TNF	HSCHR6_MHC_MCF_CTG1	2917465	2920234
TNF	HSCHR6_MHC_QBL_CTG1	2831386	2834157
TNFAIP2	14	103121407	103137441
TNFAIP6	2	151357592	151380046
TNFAIP8L2	1	151156621	151160255
TNFRSF10A	8	23190452	23225121
TNFRSF10B	8	23020133	23069071
TNFRSF10C	8	23102921	23118759
TNFRSF11A	18	62325269	62391288
TNFRSF11B	8	118923557	118952055
TNFRSF12A	16	3018445	3022385
TNFRSF13B	17	16929816	16972118
TNFRSF13C	22	41922032	41926806
TNFRSF14	HSCHR1_1_CTG3	106829	116812
TNFRSF14	1	2554244	2565382
TNFRSF17	16	11965210	11968068
TNFRSF19	13	23570370	23676104
TNFRSF1A	12	6328757	6342114
TNFRSF1B	1	12166977	12209228
TNFRSF21	6	47231532	47309947
TNFRSF4	1	1211326	1214153
TNFRSF6B	20	63696368	63698689
TNFRSF8	1	12063303	12144207
TNFRSF9	1	7915871	7943165
TNFSF10	3	172505508	172523476
TNFSF11	13	42562736	42608013
TNFSF12	17	7548508	7557890
TNFSF13	17	7558292	7561608
TNFSF13B	13	108251240	108308484
TNFSF14	19	6658085	6670621
TNFSF8	9	114893343	114930595
TNIP1	5	151029939	151093577
TNN	1	175067509	175148075
TNR	1	175315194	175743595
TNS2	12	53046969	53064379
TNXB	HSCHR6_MHC_APD_CTG1	3406268	3418718
TNXB	HSCHR6_MHC_DBB_CTG1	3282563	3358976
TNXB	6	32041153	32115334
TNXB	HSCHR6_MHC_COX_CTG1	3479477	3555943
TNXB	HSCHR6_MHC_SSTO_CTG1	3342342	3369188
TNXB	HSCHR6_MHC_MANN_CTG1	3369799	3403206
TNXB	HSCHR6_MHC_QBL_CTG1	3264389	3309322
TNXB	HSCHR6_MHC_MCF_CTG1	3383188	3459630
TOLLIP	HG152_PATCH	8637	43920
TOLLIP	11	1274371	1310258
TOM1L1	17	54899387	54963841
TOMM20	1	235109341	235128846
TOP1	20	41028822	41124487
TOP2B	3	25597978	25664973
TOR1AIP1	1	179882042	179920077
TP53BP1	15	43403061	43510728
TP53I11	11	44885903	44951306
TP53I3	2	24077433	24085861
TP53INP1	8	94925972	94949395
TPD52L2	20	63865228	63891545
TPI1	12	6867119	6870948
TPK1	7	144451941	144836419
TPM3	1	154155308	154194648
TPMT	6	18128311	18155348
TPP1	11	6612768	6619448
TPSAB1	16	1239266	1242555
TPSD1	16	1256059	1259008
TPST2	22	26521996	26596717
TRA2B	3	185914558	185938103
TRAF2	9	136881903	136929221
TRAF3	14	102777326	102911500
TRDMT1	10	17137336	17202054
TREH	11	118657316	118679690
TREM2	6	41158488	41163186
TREML1	6	41149167	41155553
TREML2	6	41189749	41201149
TRIAP1	12	120443958	120446412
TRIM21	11	4384897	4393747
TRIM24	7	138460210	138589996
TRIM25	17	56836387	56914080
TRIM40	HSCHR6_MHC_APD_CTG1	1394224	1406831
TRIM40	HSCHR6_MHC_DBB_CTG1	1392026	1404652
TRIM40	HSCHR6_MHC_COX_CTG1	1615913	1628543
TRIM40	HSCHR6_MHC_SSTO_CTG1	1435047	1447667
TRIM40	HSCHR6_MHC_MCF_CTG1	1480197	1492817
TRIM40	HSCHR6_MHC_MANN_CTG1	1446830	1459457
TRIM40	HSCHR6_MHC_QBL_CTG1	1391236	1403864
TRIM40	6	30136028	30151592
TRIM5	11	5663195	5938619
TRIM58	1	247857187	247880138
TSC1	9	132891348	132946874
TSC22D1	13	44432143	44577316
TSG101	11	18468336	18526965
TSHB	1	115029826	115034302
TSPAN1	1	46173794	46185968
TSPAN7	X	38561498	38689249
TSPAN8	12	71124454	71441898
TSPYL1	6	116267760	116279930
TST	22	37010859	37024797
TTF2	1	117060294	117107453
TTL	2	112482113	112541739
TTN	2	178525989	178830802
TTR	18	31557009	31606585
TWF2	3	52228612	52246788
TXK	4	48063158	48134250
TXLNA	1	32178097	32198299
TXN	9	110243810	110256604
TXNDC12	1	52020130	52055772
TXNDC15	5	134874318	134901635
TXNDC5	6	7881440	7911011
TXNDC9	2	99318982	99340702
TXNL1	18	56597209	56651600
TXNRD1	12	104215779	104350307
TYMP	22	50525752	50530326
TYRO3	15	41557675	41583589
TYRP1	9	12685439	12710285
UAP1	1	162561481	162601259
UBAC1	9	135932403	135961387
UBE2B	5	134371184	134393959
UBE2G2	21	44768580	44801826
UBE2I	16	1291357	1327018
UBE2L6	11	57551656	57568284
UBE2V1	20	50081122	50115959
UBE2Z	17	48908398	48929056
UBQLN4	1	156035299	156053798
UBXN1	11	62676498	62679332
UFD1	22	19449911	19479215
UGDH	4	39498755	39528311
UGT1A6	2	233691607	233773300
UGT2A1	4	69588417	69653249
ULBP2	6	149942014	149949235
UMOD	16	20331549	20356402
UNC5C	4	95162504	95549206
UNC79	HSCHR14_7_CTG1	447781	822438
UNC79	14	93333219	93707876
UNC93B1	11	67991100	68004982
UPB1	22	24494107	24528390
UROD	1	45010950	45015575
UROS	10	125784980	125823288
USO1	4	75724522	75814290
USP21	1	161159450	161165723
USP25	21	15729925	15880064
USP28	11	113797870	113875590
USP8	15	50424372	50514421
UXS1	2	106093303	106194365
VAMP5	2	85584431	85593406
VAMP8	2	85561562	85582031
VAPA	18	9913916	9960021
VASH1	14	76761468	76783015
VASN	HSCHR16_3_CTG1	74171	85851
VASN	16	4371848	4383538
VASP	19	45506579	45526991
VAT1	17	43010692	43025123
VAV3	1	107571161	107965180
VCAM1	1	100719684	100739045
VCAN	5	83471618	83582303
VCPKMT	14	50108632	50116600
VEGFA	6	43770184	43786487
VEGFB	11	64234521	64239264
VEGFC	4	176683538	176792922
VEGFD	X	15345594	15384509
VGF	7	101162509	101167227
VIT	2	36696690	36814794
VMO1	17	4785285	4786433
VNN1	6	132680849	132719962
VNN2	6	132743870	132763459
VPS28	HG2419_PATCH	154203	159165
VPS28	8	144423601	144429499
VPS29	12	110491083	110502111
VPS37A	8	17246896	17302707
VPS4A	16	69311336	69326939
VPS4B	18	63389190	63422483
VPS53	HG2285_HG106_HG2252_PATCH	68145	281194
VPS53	17	508503	721717
VRK1	14	96797304	96954846
VSIG10	12	118063593	118136026
VSIG2	11	124747472	124752255
VSIG4	X	66021738	66040125
VSIR	10	71747556	71773608
VSNL1	2	17539020	17657018
VSTM1	HSCHR19LRC_LRC_S_CTG3_1	15200	38320
VSTM1	HSCHR19LRC_COX2_CTG3_1	15200	38320
VSTM1	HSCHR19LRC_COX1_CTG3_1	15200	38320
VSTM1	HSCHR19LRC_LRC_I_CTG3_1	15200	38320
VSTM1	HSCHR19LRC_LRC_T_CTG3_1	15200	38320
VSTM1	HSCHR19LRC_LRC_J_CTG3_1	15200	38320
VSTM1	HSCHR19_4_CTG3_1	15196	38320
VSTM1	HSCHR19LRC_PGF1_CTG3_1	15200	38320
VSTM1	19	54040825	54063953
VSTM1	HSCHR19LRC_PGF2_CTG3_1	15200	38320
VSTM2B	19	29524739	29564553
VSTM2L	20	37903111	37945350
VTA1	6	142147162	142224685
VTCN1	1	117143587	117210960
VTI1A	10	112446998	112818744
VTI1B	14	67646904	67674903
VTN	17	28367265	28373091
VWA1	1	1434861	1442882
VWA2	10	114239254	114294489
VWC2	7	49772822	49921950
VWF	12	5948877	6124770
WARS1	14	100333784	100376805
WAS	X	48676593	48691431
WASF1	6	110099817	110180019
WASF3	13	26557661	26688948
WASHC3	12	102011769	102062149
WASL	7	123681938	123749003
WDR1	4	10068089	10116988
WFDC1	16	84294615	84329853
WFDC12	20	45123425	45124465
WFDC2	20	45469386	45481533
WFDC3	20	45747944	45791932
WFIKKN1	16	629239	634117
WFIKKN2	17	50834650	50842353
WIF1	12	65050626	65121548
WNT9A	1	227918656	227947932
WSCD2	12	108129288	108250537
WWP2	16	69762281	69944553
XCL1	1	168576605	168582069
XG	X	2752040	2816500
XIAP	X	123859693	123913972
XPNPEP2	X	129738949	129769547
XRCC4	5	83077498	83353787
XXYLT1	3	195068284	195271159
YAP1	11	102110099	102233424
YARS1	1	32775237	32818031
YBX2	HG2087_PATCH	43591	49967
YBX2	17	7288263	7294639
YES1	18	721588	813276
YJU2	19	4247080	4269091
YOD1	1	207043849	207052980
YTHDC1	HSCHR4_1_CTG9	4029	43731
YTHDC1	4	68310387	68350098
YTHDF3	8	63168553	63212786
YWHAQ	2	9583967	9639472
YWHAZ	8	100916523	100953388
ZBTB16	11	114058335	114256765
ZBTB17	1	15940403	15976132
ZC3H12A	1	37474496	37484379
ZFYVE19	15	40807086	40815084
ZHX2	8	122781311	122974514
ZHX3	20	41178448	41317731
ZNF175	19	51571283	51592510
ZNF18	17	11977439	11997475
ZNF264	19	57191500	57222846
ZNF830	17	34961540	34963777
ZNRD2	11	65570459	65573942
ZNRF4	19	5455417	5456856
ZP3	7	76397518	76442071
